CreditScore,Geography,Gender,Age,Tenure,Balance,NumOfProducts,HasCrCard,IsActiveMember,EstimatedSalary
690,0,1,38,1,94456.0,2,0,1,55034.02
794,2,1,31,0,144880.34,2,0,1,175643.44
656,2,0,34,6,59877.33,1,1,0,14032.62
640,0,0,42,5,176099.13,1,1,1,8404.73
640,1,0,31,10,118613.34,1,1,0,168469.65
685,2,1,38,4,0.0,2,1,1,35884.91
628,2,0,55,7,0.0,3,1,0,85890.75
527,2,0,35,8,0.0,1,1,0,98031.53
599,1,1,45,10,103583.05,1,1,0,132127.69
675,1,1,36,7,89409.95,1,1,1,149399.7
842,2,0,44,2,112652.08,2,1,0,126644.98
428,0,0,62,1,107735.93,1,0,1,58381.77
706,1,0,28,6,124923.35,2,1,1,50299.14
480,2,1,39,5,121626.9,1,1,1,82438.13
566,1,1,22,7,144954.75,2,1,0,102246.0
701,0,1,51,9,0.0,2,0,0,61961.57
764,0,0,39,5,81042.42,1,0,1,109805.17
574,2,1,36,3,0.0,2,1,1,8559.66
614,1,0,35,6,128100.28,1,0,0,69454.24
707,0,1,37,1,0.0,2,0,1,6035.51
630,0,0,36,2,110414.48,1,1,1,48984.95
631,0,1,51,8,100654.8,1,1,0,171587.9
850,2,1,49,8,0.0,1,0,0,25867.67
790,0,0,33,10,135120.72,1,0,0,195204.99
603,1,1,46,4,98899.76,2,1,1,86190.34
850,1,1,40,6,94607.08,1,1,0,36690.49
553,0,1,37,1,0.0,1,1,0,30461.55
465,1,1,53,1,117438.17,1,0,0,74898.8
560,0,0,44,5,143244.97,1,1,0,98661.27
660,0,0,20,6,167685.56,1,1,0,57929.9
705,0,1,38,1,189443.72,1,0,1,106648.58
522,1,0,37,3,95022.57,1,1,1,129107.59
738,1,0,40,6,114940.67,2,1,1,194895.57
631,0,1,35,8,129205.49,1,1,1,79146.36
632,0,0,34,2,0.0,2,0,0,165385.55
654,0,1,55,3,87485.67,1,1,1,3299.01
850,2,1,37,4,88141.1,1,1,0,109659.12
726,0,1,31,9,0.0,2,1,1,106117.3
458,1,1,44,7,84386.57,1,1,0,178642.73
692,1,0,43,2,69014.49,2,0,0,164621.43
680,0,1,34,9,0.0,2,1,1,95686.6
640,1,1,33,8,81677.22,2,0,0,34925.56
544,0,0,26,6,0.0,1,1,0,100200.4
705,2,0,57,3,0.0,2,1,1,34134.14
739,2,1,60,4,0.0,1,1,1,51637.67
683,0,0,35,6,187530.66,2,1,1,37976.36
726,0,1,37,2,132057.92,2,1,0,34743.98
686,1,1,43,2,134896.03,1,1,1,97847.05
743,2,1,43,2,161807.18,2,0,1,93228.86
652,2,0,40,7,100471.34,1,1,1,124550.88
607,2,0,62,8,108004.64,1,1,1,23386.77
850,1,0,33,2,83415.04,1,0,1,74917.64
850,0,1,68,5,169445.4,1,1,1,186335.07
461,0,0,40,7,0.0,2,1,0,176547.8
554,0,1,31,1,0.0,2,0,1,192660.55
584,2,0,30,5,0.0,2,1,1,185201.58
732,0,1,41,8,0.0,2,1,1,170886.17
619,1,0,31,2,56116.3,2,0,0,2181.94
754,2,1,40,2,160625.17,1,0,1,3554.63
537,0,1,38,3,0.0,2,0,0,141023.01
647,2,1,33,7,121260.19,2,1,0,77216.48
582,1,0,50,6,96486.57,2,1,1,20344.02
675,0,0,33,6,0.0,2,1,0,34045.61
613,2,1,34,3,0.0,1,1,1,41724.72
793,2,1,25,3,100913.57,1,0,0,10579.72
781,0,1,38,2,117810.79,1,0,1,65632.33
508,0,0,43,9,0.0,1,1,0,103726.71
694,0,1,47,4,0.0,2,1,0,197528.62
522,0,0,34,3,0.0,2,1,1,3894.34
686,2,1,34,9,0.0,2,1,0,127569.8
530,0,0,55,4,120905.03,1,0,1,123475.88
616,0,0,37,6,0.0,2,1,0,86242.18
662,1,1,30,5,115286.68,2,1,1,149587.92
642,1,0,40,6,129502.49,2,0,1,86099.23
631,0,0,22,3,0.0,2,0,0,30781.77
640,1,1,48,1,111599.32,1,0,1,135995.58
685,1,0,21,6,97956.5,1,1,1,164966.27
678,2,0,49,8,0.0,2,0,1,98090.69
677,0,0,58,1,90022.85,1,0,1,2988.28
661,0,1,35,5,0.0,1,1,0,155394.52
837,0,1,26,4,89900.24,2,1,0,175477.03
681,0,1,32,3,148884.47,2,1,1,90967.37
599,1,1,38,9,89111.63,1,0,0,157239.6
814,1,1,44,8,95488.82,2,0,0,107013.59
672,0,1,28,4,167268.98,1,1,1,169469.3
607,0,1,31,8,0.0,2,1,1,43196.5
644,2,1,32,3,136659.74,1,1,1,14187.78
584,0,1,26,4,0.0,2,1,0,147600.54
668,1,1,34,5,80242.37,2,0,0,56780.97
553,2,1,41,6,144974.55,1,1,1,19344.92
744,2,1,44,5,120654.68,1,1,0,82290.81
727,0,1,62,5,0.0,2,0,1,38652.96
827,1,0,47,8,143001.5,2,1,0,108977.5
636,0,1,31,6,0.0,2,1,1,2382.61
660,0,0,40,8,167181.01,1,1,1,185156.94
457,0,0,38,7,164496.99,1,1,1,163327.27
746,0,0,29,4,105599.67,1,1,1,43106.17
480,0,1,40,6,148790.61,1,0,1,79329.7
709,0,1,36,0,0.0,2,1,0,46811.77
777,0,0,29,9,131240.61,1,1,1,163746.09
469,2,0,31,6,0.0,1,1,0,146213.75
616,0,1,40,9,0.0,2,0,0,93717.55
621,2,1,41,5,104631.67,1,1,1,95551.22
572,1,1,51,8,97750.07,3,1,1,193014.26
786,0,1,37,7,165896.22,2,1,1,66977.68
842,0,1,44,3,141252.18,4,0,1,128521.16
487,0,1,24,7,133628.09,2,1,1,98570.01
619,1,1,38,10,84651.79,1,1,1,184754.26
676,0,1,37,10,106242.67,1,1,1,166678.28
445,0,1,31,7,145056.59,1,1,1,175893.53
781,0,1,23,2,107433.48,1,1,0,173843.21
656,1,0,23,4,163549.63,1,0,1,21085.12
647,1,1,52,7,130013.12,1,1,1,190806.36
610,2,1,46,5,91897.8,1,1,0,54394.28
542,1,1,33,8,142871.27,2,0,0,77737.86
746,2,1,31,2,113836.27,1,1,1,174815.54
564,0,0,33,4,135946.26,1,1,0,63170.0
703,0,0,45,5,0.0,2,1,0,131906.44
721,1,1,37,3,107720.64,1,1,1,158591.12
585,0,1,56,4,138227.19,2,1,1,55287.84
613,2,1,29,0,0.0,2,0,1,133897.32
694,0,1,42,8,133767.19,1,1,0,36405.21
650,1,1,23,4,93911.3,2,1,0,69055.45
641,0,1,77,9,0.0,3,1,1,81514.06
655,2,0,78,2,0.0,2,0,1,188435.38
652,2,0,33,3,124832.51,1,1,0,195877.06
730,2,0,39,6,140094.59,1,1,0,172450.04
663,2,1,30,4,0.0,3,1,0,101371.05
757,0,0,51,1,0.0,1,1,1,22835.13
603,0,1,30,8,0.0,2,1,1,47536.46
630,2,0,31,1,0.0,2,1,1,169802.73
751,0,1,31,8,0.0,2,0,0,17550.49
788,2,1,37,8,141541.25,1,0,0,66013.27
717,1,1,35,7,58469.37,2,1,1,172459.39
850,0,1,35,9,102050.47,1,1,1,3769.71
607,1,1,29,7,102609.0,1,1,0,163257.44
690,0,0,26,5,157624.84,1,1,1,49599.27
691,1,0,41,8,109153.96,3,1,1,148848.76
812,0,1,44,4,115049.15,2,1,0,165038.41
752,1,0,38,10,101648.5,2,1,0,172001.44
569,0,1,37,9,178755.84,1,1,0,199929.17
749,1,0,33,10,76692.22,1,0,1,30396.43
614,2,0,25,10,75212.28,1,1,0,58965.04
600,2,0,27,6,0.0,2,1,1,172031.22
744,2,1,35,7,0.0,2,1,1,43036.6
554,1,1,26,4,121365.39,1,1,1,8742.36
651,0,0,41,4,38617.2,1,1,1,104876.8
608,2,1,34,7,86656.13,1,0,1,59890.29
655,1,0,32,6,130935.56,1,1,0,9241.83
590,2,0,23,7,0.0,2,1,0,196789.9
682,0,0,52,5,112670.48,1,1,0,21085.17
731,1,0,21,8,132312.06,1,1,0,106663.46
596,1,1,47,5,140187.1,2,1,1,174311.3
625,0,1,49,6,173434.9,1,1,0,165580.93
627,1,1,28,5,71097.23,1,1,1,130504.49
535,0,0,40,8,0.0,1,1,1,27689.77
848,1,1,31,4,90018.45,2,1,0,193132.98
775,0,1,42,6,133970.22,2,0,1,187839.9
678,0,0,41,9,0.0,1,0,0,13160.03
830,1,0,40,8,77701.64,1,0,1,19512.38
639,0,1,43,6,99610.92,2,1,0,187296.78
537,2,0,38,1,0.0,2,0,1,41233.97
688,2,0,24,3,0.0,2,1,1,102195.16
524,0,1,52,2,87894.26,1,1,0,173899.42
667,2,1,56,2,168883.08,1,0,1,18897.78
557,0,0,24,4,0.0,1,0,0,20515.72
639,2,0,27,2,0.0,1,1,1,82938.99
680,0,1,36,3,116275.12,1,1,1,63795.8
578,2,1,28,4,0.0,2,0,0,6947.09
635,1,0,36,9,81231.85,2,1,0,196731.08
568,2,0,43,9,0.0,1,1,0,125870.79
771,2,1,45,0,139825.56,1,0,0,170984.97
614,0,0,38,4,72594.0,1,1,1,76042.48
782,2,1,52,4,0.0,1,1,1,52759.82
769,0,0,73,1,0.0,1,1,1,29792.11
718,0,0,41,1,0.0,2,0,1,27509.52
594,0,1,57,6,0.0,1,1,0,19376.56
670,0,0,39,8,101928.51,1,0,0,89205.54
611,0,1,38,4,71018.6,2,1,0,2444.29
704,1,1,41,4,109026.8,2,1,1,43117.1
592,0,1,54,8,0.0,1,1,1,28737.71
654,0,1,29,2,91955.61,1,1,0,37065.66
623,0,1,27,4,120509.81,1,0,0,142170.44
667,2,0,23,6,136100.69,2,0,0,169669.33
595,2,1,37,2,157084.99,1,1,0,134767.13
669,2,1,22,10,0.0,2,1,0,176163.74
655,0,0,41,5,0.0,1,0,0,36548.0
731,0,0,52,10,0.0,1,1,1,24998.75
579,1,1,49,4,169377.31,1,1,1,123535.05
489,0,0,38,5,117289.92,1,0,0,85231.88
779,0,0,48,2,115290.27,1,0,0,98912.69
684,0,0,48,3,73309.38,1,0,0,21228.34
625,0,1,39,2,0.0,2,1,0,100403.05
615,0,1,41,4,130385.82,1,0,1,130661.95
512,2,1,36,1,0.0,1,0,1,135482.26
679,0,1,34,7,160515.37,1,1,0,121904.14
554,0,0,22,8,0.0,2,0,1,142670.61
850,1,0,32,0,116968.91,1,0,0,175094.62
721,1,0,36,3,65253.07,2,1,0,28737.78
575,0,0,57,8,137936.94,1,1,1,84475.13
772,1,1,30,6,99785.28,2,0,0,197238.03
554,0,0,44,6,92436.86,1,1,0,126033.9
815,0,1,45,7,0.0,1,0,1,52885.23
664,0,1,36,1,0.0,2,1,1,95372.64
803,0,0,32,9,192122.84,1,1,1,54277.45
730,2,1,38,5,118866.36,1,1,1,163317.5
583,0,0,57,3,238387.56,1,0,1,147964.99
789,0,0,27,8,66201.96,1,1,1,79458.12
682,0,0,33,8,74963.5,1,1,1,32770.56
729,0,1,67,2,94203.8,1,0,1,102391.06
606,0,1,40,6,119501.88,2,1,0,46774.94
739,2,1,40,1,109681.61,1,1,1,193321.3
698,1,0,40,8,150777.1,1,1,0,114732.62
646,2,1,25,5,182876.88,2,1,1,42537.59
577,0,1,42,9,0.0,1,1,0,74077.91
546,0,1,28,8,0.0,1,1,0,159254.29
619,0,0,35,4,90413.12,1,1,1,20555.21
763,0,0,38,0,152582.2,2,0,0,31892.82
497,0,1,41,9,0.0,1,0,0,22074.48
485,0,0,39,2,75339.64,1,1,1,70665.16
481,0,1,44,9,175303.06,1,1,0,65500.53
676,1,1,48,3,80697.44,1,0,0,101397.86
698,1,1,39,9,133191.19,2,0,1,53289.49
672,0,0,34,8,0.0,2,1,1,16245.25
749,0,1,24,1,0.0,3,1,1,47911.03
547,0,1,62,10,127738.75,2,1,1,85153.0
806,1,1,34,2,96152.68,2,1,0,143711.02
645,2,0,21,1,0.0,2,0,0,28726.07
770,0,1,24,9,101827.07,1,1,0,167256.35
637,1,1,51,1,104682.83,1,1,0,55266.96
518,0,1,40,4,0.0,2,0,1,194416.58
584,1,0,29,7,105204.01,1,0,1,138490.03
743,0,1,43,5,0.0,2,0,0,113079.19
575,0,1,40,5,0.0,2,1,1,122488.59
582,0,0,38,9,135979.01,4,1,1,76582.95
675,2,1,31,2,90826.27,2,1,0,60270.87
493,0,0,36,5,148667.81,2,1,0,56092.51
537,0,1,28,0,88963.31,2,1,1,189839.93
850,2,1,38,7,115378.94,1,0,1,162087.82
639,2,0,27,8,133806.54,2,1,0,6251.3
564,2,1,48,5,132876.23,1,1,0,79259.77
849,0,1,69,7,71996.09,1,1,1,139065.94
682,1,1,32,2,105163.88,2,1,1,164170.46
598,1,1,53,10,167772.96,1,1,1,136886.86
520,0,1,35,9,105387.89,1,1,1,25059.06
498,1,1,35,2,121968.11,2,0,1,188343.05
793,2,1,63,0,0.0,2,0,1,27166.75
798,0,1,37,8,0.0,3,0,0,110783.28
627,0,0,21,7,98993.02,1,1,1,169156.64
643,0,1,37,6,0.0,2,0,0,142454.77
850,1,1,37,9,122506.38,1,0,1,199693.84
681,0,1,47,9,97023.21,1,1,1,2168.13
761,1,1,36,8,108239.11,2,0,0,99444.02
678,0,0,31,1,0.0,2,0,1,130446.65
661,2,0,42,3,0.0,2,1,0,35989.41
582,0,1,30,2,0.0,2,1,1,132029.95
596,0,1,33,2,139451.67,1,0,0,63142.12
470,2,0,31,2,101675.22,2,1,0,45033.75
697,0,1,32,7,175464.85,3,1,0,116442.42
556,2,1,46,3,131764.96,1,1,1,108500.66
620,0,1,42,4,0.0,2,1,0,6232.31
592,0,0,38,8,119278.01,2,0,1,19370.73
693,0,1,68,2,0.0,2,1,1,59864.96
571,0,0,33,9,102017.25,2,0,0,128600.49
637,0,1,33,2,145731.83,1,0,1,109219.43
505,1,0,37,10,122453.97,2,1,1,52693.99
672,0,0,45,9,0.0,1,1,1,92027.69
523,1,1,27,8,61688.61,2,1,0,147059.16
721,0,1,42,4,102936.72,1,0,0,1187.88
587,2,1,45,6,0.0,1,0,0,158684.81
617,0,0,26,2,165947.99,2,0,1,168834.38
773,2,0,33,10,0.0,1,1,1,98820.09
850,0,1,41,3,0.0,2,1,0,128892.36
567,0,1,36,7,0.0,2,0,1,3896.08
643,0,1,34,7,0.0,2,0,1,100304.13
739,0,1,34,9,0.0,1,1,0,60584.33
800,0,0,38,2,168190.33,2,1,0,68052.08
763,1,1,42,6,100160.75,1,1,0,33462.94
592,0,1,39,7,0.0,2,1,0,83084.33
559,2,0,40,5,139129.44,1,0,1,32635.54
688,1,1,35,5,111578.18,1,0,0,166165.93
648,2,1,46,9,127209.0,2,1,0,77405.95
580,2,1,61,8,125921.37,1,1,1,94677.83
513,0,1,35,8,0.0,1,1,0,76640.29
797,0,1,24,5,0.0,2,1,0,182257.61
607,0,0,49,9,119960.29,2,1,0,103068.22
545,0,0,26,1,0.0,2,1,1,199638.56
643,0,0,45,4,45144.43,1,1,0,60917.24
696,2,1,40,3,153639.11,1,1,1,138351.68
764,0,0,39,1,129068.54,2,1,1,187905.12
738,0,1,33,4,92676.3,1,1,0,105817.63
651,0,1,45,1,0.0,1,1,0,67740.08
452,0,0,35,7,0.0,2,1,0,164241.67
559,0,0,34,5,68999.66,2,1,1,66879.27
628,2,1,43,3,184926.61,1,1,0,122937.57
517,2,1,39,3,0.0,2,0,1,12465.51
540,1,1,35,7,127801.88,1,0,1,84239.46
677,0,1,46,2,57037.74,1,1,1,158531.01
651,0,1,45,2,165901.59,2,1,0,23054.51
696,0,1,22,9,149777.0,1,1,1,198032.93
622,2,0,23,8,0.0,2,1,1,131389.39
776,0,0,29,5,0.0,2,1,1,143301.49
768,0,1,25,6,0.0,2,1,1,21215.67
586,0,0,35,7,0.0,2,1,0,70760.69
491,0,0,68,3,107571.61,1,0,1,113695.99
711,0,1,64,4,0.0,2,1,1,3185.67
548,2,1,38,0,178056.54,2,1,0,38434.73
608,2,0,41,3,89763.84,1,0,0,199304.74
529,2,1,35,5,95772.97,1,1,1,112781.5
664,1,1,39,7,60263.23,1,1,0,170835.32
569,1,1,35,2,109196.66,3,1,0,109393.19
490,0,1,39,1,0.0,3,1,0,171060.01
614,2,0,40,3,113348.5,1,1,1,77789.01
774,0,0,32,4,0.0,2,0,0,114899.13
790,2,0,46,9,0.0,1,0,0,14679.81
661,0,0,31,3,133964.3,1,1,1,166187.1
449,0,0,37,6,0.0,2,1,0,82176.48
685,0,0,33,1,0.0,3,0,1,70221.13
535,0,0,45,2,0.0,2,0,1,170621.55
725,0,1,66,4,86459.8,1,1,1,141476.56
653,1,0,38,5,114268.22,2,1,1,89524.83
714,2,1,34,5,0.0,2,1,0,193040.32
639,1,1,38,5,130170.82,1,1,1,149599.62
637,0,0,41,9,0.0,2,1,0,145477.36
616,0,1,46,2,0.0,2,1,0,137136.46
799,2,1,35,7,0.0,2,0,1,140780.8
702,1,1,28,1,103033.83,1,1,1,40321.87
600,0,1,32,1,0.0,1,1,1,101986.16
697,0,1,36,7,0.0,2,1,1,74760.32
621,0,1,47,0,0.0,1,1,1,133831.37
672,0,1,43,5,0.0,1,0,0,63833.09
666,0,1,51,2,148222.65,1,0,0,156953.54
666,0,1,36,4,120165.4,2,1,0,33701.5
794,2,0,22,4,114440.24,1,1,1,107753.07
727,0,1,35,5,136364.46,1,0,0,142754.71
588,0,0,21,8,0.0,2,1,1,110114.19
607,2,0,36,4,98266.3,1,1,1,46416.36
608,0,1,50,6,0.0,1,1,0,93568.77
594,0,1,38,4,0.0,2,0,0,186884.04
700,1,0,39,5,144550.83,2,1,1,189664.43
625,0,0,58,10,53772.73,1,1,1,192072.1
567,1,1,40,7,122265.24,1,1,0,138552.74
669,0,1,23,1,0.0,2,0,0,66088.83
627,1,1,62,3,143426.34,2,1,1,143104.3
729,0,1,32,6,93694.42,1,1,1,79919.13
659,0,1,32,9,95377.13,1,0,1,187551.24
545,1,1,37,9,95829.13,2,0,1,104936.88
554,0,0,35,10,74988.59,2,0,1,190155.13
636,0,1,42,2,0.0,2,1,1,55470.78
739,2,0,27,8,98926.4,1,1,1,106969.98
638,1,1,37,2,89728.86,2,1,1,37294.88
584,1,0,36,4,109646.83,1,1,1,70240.79
516,0,0,42,8,56228.25,1,1,0,46857.52
631,2,1,46,9,160736.63,1,0,1,93503.02
756,1,1,27,1,131899.0,1,1,0,93302.29
599,0,1,58,4,0.0,1,0,0,176407.15
543,2,0,41,4,0.0,1,0,0,194902.16
727,1,0,30,8,119027.28,2,1,1,137903.54
694,0,1,36,3,97530.25,1,1,1,117140.41
577,2,1,51,2,108867.0,1,0,0,140800.66
641,2,1,25,10,0.0,2,1,1,180808.39
704,0,0,40,6,95452.89,1,0,1,179964.55
621,2,1,39,8,0.0,2,1,0,36122.96
709,1,0,39,9,124723.92,1,1,0,73641.86
602,0,0,29,3,88814.4,2,1,1,62487.97
850,2,1,62,5,0.0,2,1,1,180243.56
581,1,0,54,2,152508.99,1,1,0,187597.98
671,0,0,38,6,132129.72,1,0,1,76068.95
735,0,1,31,3,119558.35,1,0,0,72927.68
477,0,1,22,5,82559.42,2,0,0,163112.9
648,1,0,40,5,139973.65,1,1,1,667.66
582,2,1,26,4,65848.36,2,1,0,30149.21
526,1,1,58,9,190298.89,2,1,1,191263.76
500,2,0,47,8,128486.11,1,1,0,179227.12
641,1,1,32,5,122947.92,1,1,1,99154.86
766,0,0,45,6,0.0,2,0,0,147184.74
699,0,1,37,10,0.0,2,0,0,83263.04
686,0,1,32,6,0.0,2,1,1,179093.26
687,0,0,44,9,0.0,2,0,0,103042.2
785,1,0,33,5,136624.6,2,1,1,169117.74
503,0,1,42,8,104430.08,1,1,1,147557.71
520,0,1,34,4,134007.9,1,1,1,193209.11
693,1,0,41,9,181461.48,3,1,1,187929.43
791,1,1,31,1,130240.33,1,0,0,96546.55
731,0,0,36,6,0.0,1,0,0,152128.36
350,0,0,60,3,0.0,1,0,0,113796.15
774,1,1,36,9,130809.77,1,1,0,152290.28
630,1,0,34,9,106937.05,2,1,0,138275.01
806,0,1,48,4,164701.68,1,1,1,21439.49
614,2,1,66,2,0.0,2,0,1,180082.7
521,0,0,77,6,0.0,2,1,1,49054.1
504,2,1,44,4,113522.64,1,1,1,12405.2
526,0,1,36,1,0.0,1,1,0,160696.72
735,1,1,46,2,106344.95,1,1,0,114371.33
669,0,1,46,3,0.0,2,0,1,8487.75
716,0,0,29,10,87946.39,1,1,1,182531.74
773,2,1,63,9,111179.83,1,1,1,93091.02
677,0,0,36,7,0.0,1,1,0,47318.75
799,2,1,38,2,0.0,2,1,1,59297.34
642,1,1,41,4,157777.58,1,1,0,67484.6
850,0,0,27,7,43658.33,2,1,1,3025.49
551,2,1,49,1,150777.72,2,1,1,135757.27
696,1,1,30,4,114027.7,1,1,1,193716.56
705,0,1,32,3,0.0,2,0,0,129576.99
850,2,0,29,1,0.0,2,1,1,197996.65
696,0,1,42,4,0.0,1,0,0,126353.13
655,0,1,44,8,87471.63,1,0,1,188593.98
605,0,1,36,7,128829.25,1,1,0,190588.59
592,0,1,27,3,0.0,2,1,1,19645.65
608,0,0,30,8,0.0,2,1,0,128875.86
489,2,1,58,4,0.0,2,1,1,191419.32
637,0,1,41,2,0.0,2,0,1,102515.42
649,2,1,32,1,0.0,1,0,1,91167.19
616,1,0,42,6,117899.95,2,0,0,150266.81
667,2,0,39,2,0.0,2,1,0,40721.24
543,1,1,41,6,143350.41,1,1,1,192070.16
583,0,0,40,4,55776.39,2,1,0,26920.43
710,1,0,62,9,148214.36,1,1,0,48571.14
847,2,0,37,9,112712.17,1,1,0,116097.26
710,0,1,33,10,118327.17,2,1,1,192928.82
750,2,0,39,7,119565.92,1,1,0,87067.73
828,2,1,42,10,0.0,1,1,1,186071.14
498,0,1,34,2,0.0,2,1,1,148528.24
782,0,1,36,1,148795.17,2,1,1,195681.43
638,2,1,48,2,0.0,2,1,1,7919.08
700,0,0,36,4,0.0,2,1,0,130789.15
487,2,1,44,6,61691.45,1,1,1,53087.98
518,1,1,29,9,125961.74,2,1,0,160303.08
662,2,0,35,6,0.0,2,0,0,2423.9
469,2,1,37,9,96776.49,1,1,1,119890.86
730,0,1,27,5,0.0,2,1,1,116081.93
850,1,0,31,3,51293.47,1,0,0,35534.68
664,0,0,36,0,103502.22,1,1,1,146191.82
749,1,0,29,7,137059.05,3,1,0,102975.72
731,0,0,41,9,152243.57,1,1,1,88783.59
760,2,1,38,3,91241.85,1,0,1,80682.35
663,0,1,39,4,0.0,1,1,0,76884.05
570,1,1,42,0,107856.57,2,1,0,127528.84
614,0,0,19,5,97445.49,2,1,0,122823.34
591,2,0,39,3,0.0,3,1,0,140469.38
598,1,0,46,7,131769.04,1,0,0,184980.23
725,0,1,41,7,113980.21,1,1,1,116704.25
710,2,0,75,5,0.0,2,1,1,9376.89
695,0,0,23,1,0.0,2,1,1,141756.32
627,1,0,33,4,83199.05,1,0,0,159334.93
692,0,1,54,5,0.0,2,1,1,88721.84
782,0,0,70,7,97072.42,1,0,1,131177.22
646,0,1,30,7,0.0,2,1,0,153566.97
648,0,0,50,9,102535.57,1,1,1,189543.19
771,1,1,32,9,77487.2,1,0,0,33143.04
792,0,1,30,1,127187.86,1,1,1,113553.42
506,0,1,37,5,0.0,2,1,1,127543.81
850,0,0,36,10,0.0,2,1,1,100750.03
736,2,0,28,2,0.0,2,1,1,117431.1
850,2,0,45,4,114347.85,2,1,1,109089.04
754,2,0,32,7,0.0,2,1,0,89520.75
743,1,1,39,3,119695.75,1,0,1,26136.13
645,1,0,41,2,138881.04,1,1,0,129936.53
655,0,0,32,2,0.0,1,1,1,71047.51
737,0,0,70,9,87542.89,2,1,1,42576.86
721,1,0,45,7,138523.2,1,0,0,59604.45
430,0,1,35,1,118894.22,1,0,0,2923.61
741,2,1,50,1,78737.61,1,1,1,13018.96
677,1,0,44,4,148770.61,2,1,1,191057.76
697,1,0,48,2,108128.96,2,1,1,103944.37
778,0,1,38,3,145018.49,2,1,1,126702.41
619,0,1,39,5,0.0,2,1,1,158444.61
724,1,1,31,9,138166.3,1,1,0,12920.43
647,0,1,43,9,0.0,2,1,1,78488.39
706,1,1,32,5,88348.43,2,1,1,104181.78
749,2,0,46,9,66582.81,1,1,0,78753.12
629,0,1,35,1,172170.36,1,1,1,159777.37
728,0,1,34,4,106328.08,1,1,0,88680.65
622,0,0,39,9,83456.79,2,0,0,38882.34
697,1,1,43,7,115371.94,2,1,0,64139.1
545,0,1,37,3,91184.01,1,1,0,105476.65
524,0,1,28,1,93577.3,1,1,1,51670.82
458,0,0,39,9,0.0,2,1,0,116343.09
674,0,0,45,6,72494.69,1,0,1,140041.78
584,1,0,62,9,137727.34,2,0,1,121102.9
660,0,1,19,5,127649.64,1,1,1,40368.65
597,0,1,41,4,153198.23,1,1,1,92090.36
747,2,1,41,9,0.0,1,1,0,32430.94
653,2,1,35,6,116662.96,2,1,1,23864.21
763,1,0,32,1,108465.65,2,1,0,60552.44
714,1,1,28,7,77776.39,1,1,0,177737.07
749,0,0,33,1,74385.98,1,1,0,20164.47
585,0,0,35,2,0.0,2,1,0,98621.04
593,1,0,48,3,133903.12,2,1,1,85902.39
755,0,1,42,2,119919.12,1,1,0,156868.21
812,0,1,24,10,0.0,2,1,1,156906.15
596,1,1,34,4,99441.21,2,0,1,4802.27
725,0,1,37,6,124348.38,2,0,1,176984.34
688,2,0,46,3,0.0,2,0,1,104902.68
674,1,1,43,8,85957.88,2,1,0,8757.39
727,1,1,21,8,153344.72,1,1,1,163295.87
618,1,0,40,1,133245.52,2,1,1,54495.82
623,2,0,40,4,0.0,3,1,0,31669.18
696,0,0,30,8,0.0,2,1,1,196134.44
662,0,1,26,0,0.0,2,0,1,72929.96
610,0,1,41,6,0.0,3,0,0,56118.81
826,0,0,30,5,0.0,2,0,1,157397.57
542,2,1,37,8,0.0,1,1,1,807.06
556,2,1,38,2,115463.16,1,1,0,150679.65
704,1,0,39,10,102556.18,2,1,0,171971.25
714,0,0,26,9,89928.99,1,1,0,46203.31
684,2,1,39,4,207034.96,2,0,0,157694.76
714,0,1,63,4,138082.16,1,0,1,166677.54
597,0,0,33,6,135703.59,2,0,0,74850.84
652,0,0,32,2,0.0,2,1,0,54628.11
595,1,0,32,0,92466.21,1,1,0,4721.3
699,0,0,39,1,0.0,2,0,0,93826.63
829,1,1,36,4,81795.74,2,1,0,90106.94
766,0,0,52,7,92510.9,2,0,1,66193.61
678,1,1,55,4,129646.91,1,1,1,184125.1
814,0,1,31,1,118870.92,1,1,0,101704.19
728,0,1,33,8,129907.63,1,0,1,36083.96
519,0,0,21,1,146329.57,2,1,1,194867.27
710,0,1,43,9,128284.45,1,1,0,32996.89
591,1,0,44,10,113581.98,1,1,0,1985.41
595,0,0,33,9,0.0,2,1,1,41447.86
487,1,0,46,4,135070.58,2,1,1,44244.49
733,2,0,31,9,102289.85,1,1,1,115441.66
561,0,0,49,8,0.0,2,1,1,12513.07
645,0,1,32,4,0.0,2,0,1,97628.08
587,1,0,38,0,132122.42,2,0,0,31730.32
734,0,1,30,3,0.0,2,1,0,107640.25
684,0,1,38,5,105069.98,2,1,1,198355.28
776,0,0,31,5,0.0,2,1,0,92647.94
711,2,1,38,3,128718.78,1,0,0,114793.45
746,0,0,21,8,166883.07,2,0,1,194563.65
624,2,0,38,8,0.0,2,1,0,95403.41
672,1,0,21,3,165878.76,2,1,1,164537.17
779,2,1,33,3,0.0,2,1,0,30804.68
691,0,1,34,8,133936.04,2,1,0,91359.79
694,0,1,39,5,77652.4,1,1,1,25407.59
520,0,0,39,6,145644.05,1,0,0,104118.93
556,0,0,36,2,134208.22,1,0,1,177670.57
694,1,1,33,4,124067.32,1,1,1,77906.87
543,1,1,37,8,140894.06,2,1,1,118059.19
773,1,0,42,8,152324.66,2,1,0,171733.22
550,2,1,39,2,116120.19,2,1,1,195638.13
706,0,1,54,9,117444.51,1,1,1,186238.85
648,1,0,43,1,107963.38,1,0,0,186438.86
619,2,0,38,1,0.0,1,1,0,112442.63
584,2,1,36,4,82696.09,2,0,0,83058.14
655,1,1,41,8,125561.97,1,0,0,164040.94
603,0,1,44,9,0.0,1,1,0,138328.24
599,2,1,42,6,0.0,2,1,0,113868.4
806,1,1,31,10,138653.51,1,1,0,190803.37
841,0,0,36,5,156021.31,1,0,0,122662.98
600,2,0,50,6,94684.27,1,1,1,50488.91
644,0,1,37,2,186347.97,2,1,0,92809.73
668,2,1,38,1,147904.31,1,1,1,69370.05
485,2,1,32,6,102238.01,2,1,1,194010.12
757,1,1,31,1,127320.36,3,1,0,163170.32
673,1,0,34,1,127122.79,3,0,1,76703.1
678,0,1,28,2,109137.12,1,1,1,58814.41
584,0,1,47,5,0.0,2,1,0,89286.29
607,0,0,32,6,0.0,2,0,0,196062.01
684,1,0,44,2,133776.86,2,0,1,49865.04
758,0,0,33,7,0.0,1,1,0,188156.34
699,2,1,31,6,114493.68,1,0,0,138396.32
745,0,0,36,9,0.0,1,1,0,19605.18
610,0,0,27,2,0.0,2,1,0,14546.76
524,0,1,30,1,0.0,2,1,0,126812.85
475,0,0,57,1,0.0,2,1,0,89248.99
782,0,1,34,9,0.0,1,1,0,183021.06
825,1,1,37,6,118050.79,1,0,1,52301.15
615,1,1,43,3,86920.86,1,1,1,150048.37
759,0,0,46,2,0.0,1,1,1,138380.11
596,1,1,32,3,96709.07,2,0,0,41788.37
689,1,1,67,9,157094.78,1,1,1,99490.01
575,1,1,49,7,121205.15,4,1,1,168080.53
658,0,1,29,4,80262.6,1,1,1,20612.82
660,1,1,26,4,115021.76,1,0,1,162443.05
740,1,0,57,3,113386.36,2,1,1,65121.63
684,0,1,33,4,140700.61,1,1,0,103557.93
739,0,1,40,4,0.0,2,0,0,173321.65
735,2,1,50,9,0.0,1,0,0,166677.35
705,1,1,35,4,136496.12,2,1,0,116672.02
834,1,0,68,9,130169.27,2,0,1,93112.2
765,2,1,45,2,91549.78,1,1,1,47139.44
556,0,1,35,10,0.0,2,1,1,192751.18
633,0,1,25,1,0.0,1,1,0,100598.98
710,1,0,24,7,103099.17,2,1,0,173276.62
630,0,1,26,7,129837.72,2,0,1,197001.15
634,0,1,45,9,0.0,2,0,0,17622.82
593,1,0,39,8,151391.68,1,1,0,27274.6
679,0,0,44,3,118742.74,2,1,0,1568.91
498,1,1,37,8,108432.88,2,1,1,14865.05
613,0,1,37,9,108286.5,1,1,1,114153.44
606,2,1,38,7,128578.52,1,1,1,193878.51
688,0,0,39,0,0.0,2,1,0,53222.15
594,0,0,30,10,0.0,2,1,1,124071.71
666,1,0,21,1,121827.43,2,1,1,99818.31
679,0,1,29,3,0.0,2,1,1,63687.06
657,1,1,40,7,99165.84,1,0,1,119333.95
629,0,0,49,4,0.0,2,1,1,196335.48
634,1,0,59,3,95727.05,1,0,0,97939.4
663,1,1,28,8,123674.28,2,1,1,87985.2
584,2,0,50,1,0.0,1,0,1,152567.75
723,0,1,48,7,0.0,2,1,1,150694.58
641,0,1,57,5,0.0,2,1,1,122449.18
612,2,1,33,5,69478.57,1,1,0,8973.67
726,0,0,32,8,0.0,2,0,0,185075.63
695,0,1,45,9,43134.65,1,0,1,77330.35
679,0,0,33,6,0.0,2,1,1,98015.85
775,0,1,28,9,111167.7,1,1,0,149331.01
670,0,1,22,2,114991.45,1,1,1,37392.56
758,0,1,26,4,155739.76,1,1,0,171552.02
670,1,0,42,5,49508.79,3,1,1,100324.01
713,2,1,38,6,116980.78,2,0,1,76038.38
592,0,1,36,1,126477.42,1,0,0,179718.17
720,1,0,29,7,106230.92,1,1,1,69903.93
835,1,1,20,4,124365.42,1,0,0,180197.74
526,0,1,42,1,0.0,1,0,1,168486.02
606,1,1,39,8,136000.45,2,1,0,31708.53
589,0,1,46,9,0.0,2,1,0,170676.67
531,0,1,29,3,114590.58,1,0,0,75585.48
833,0,0,39,3,0.0,2,1,0,1710.89
649,1,0,37,8,114737.26,1,1,1,106655.88
527,1,0,30,6,126663.51,1,1,1,162267.91
493,0,0,33,8,90791.69,1,1,1,59659.53
751,1,1,54,9,156367.6,2,0,1,116179.92
595,1,0,41,9,150463.11,2,0,1,81548.38
685,0,1,35,9,0.0,1,1,0,167033.83
823,0,1,34,3,105057.33,1,1,0,9217.92
598,2,1,34,0,104488.17,1,0,1,43249.67
713,2,1,42,0,109121.71,1,0,1,167873.49
576,0,1,55,9,0.0,2,1,1,94450.97
671,0,1,34,7,106603.74,2,1,1,26387.71
778,1,0,29,7,123229.46,1,1,0,181221.09
820,0,0,29,3,82344.84,1,0,1,115985.38
802,1,1,37,9,115569.21,1,0,1,119782.89
624,0,1,55,7,118793.6,1,1,1,95022.02
823,1,0,53,4,124954.94,1,0,1,131259.6
533,1,1,51,6,127545.56,2,0,0,79559.02
716,0,0,38,1,0.0,2,1,1,99661.46
769,0,0,25,10,0.0,2,0,0,187925.75
545,0,1,47,8,105792.49,1,0,1,67830.2
479,2,1,37,6,118433.94,1,0,1,160060.9
571,0,1,49,4,180614.04,1,0,0,523.0
581,2,0,50,4,0.0,2,1,1,80701.72
620,0,1,41,0,97925.11,1,1,0,85000.32
584,0,1,49,8,172713.44,1,1,0,113860.81
674,0,1,46,2,174701.05,1,1,0,90189.72
522,2,1,34,9,126436.29,1,1,0,174248.52
547,0,0,48,1,179380.74,2,0,1,69263.1
619,2,0,45,0,0.0,2,0,0,113645.4
695,0,0,50,8,0.0,1,1,0,126381.6
658,0,1,44,2,168396.34,1,1,1,14178.73
705,1,0,37,3,109974.22,1,1,1,36320.87
660,0,1,34,1,0.0,2,1,0,9692.58
654,2,1,40,5,105683.63,1,1,0,173617.09
850,1,1,53,2,94078.97,2,1,0,36980.54
726,2,1,36,2,0.0,1,1,0,195192.4
641,0,1,33,2,146193.6,2,1,1,55796.83
767,2,1,47,5,0.0,1,1,0,121964.46
627,2,1,41,5,100880.76,1,0,1,134665.25
683,1,0,57,5,162448.69,1,0,0,9221.78
850,1,1,29,1,154640.41,1,1,1,164039.51
553,0,1,38,3,99844.68,1,0,0,187915.7
670,2,1,37,0,178742.71,1,1,1,194493.57
659,2,0,42,2,0.0,1,0,0,162734.31
498,1,1,25,8,121702.73,1,1,1,132210.49
651,1,0,34,10,148962.46,1,1,0,66389.43
752,1,0,42,3,65046.08,2,0,1,140139.28
644,0,1,48,8,0.0,2,0,1,44965.54
544,2,1,22,3,66483.32,1,0,1,110317.39
511,1,1,48,6,149726.08,1,0,0,88307.87
765,0,0,56,1,0.0,1,1,0,13228.93
623,0,0,39,1,160903.2,1,0,0,78774.36
567,2,0,54,5,92316.31,2,1,0,158590.66
725,1,0,47,1,104887.43,1,0,0,86622.56
709,0,0,36,7,0.0,1,0,1,42085.58
623,2,1,41,2,142412.13,1,1,0,28778.98
762,1,1,34,4,88815.56,2,1,0,68562.26
434,1,1,55,8,109339.17,2,1,0,96405.88
421,1,1,28,8,122384.22,3,1,1,89017.38
803,2,1,43,3,0.0,1,1,0,72051.44
580,1,1,38,9,115442.19,2,1,0,128481.5
568,2,0,36,10,153610.61,1,1,1,54083.8
632,0,1,60,2,0.0,2,0,1,2085.32
762,2,0,43,5,134204.67,1,1,1,139971.01
547,1,1,49,8,121537.71,2,1,0,46521.45
678,0,0,22,4,174852.89,1,1,1,28149.06
575,0,1,24,2,0.0,2,1,1,119927.81
528,1,1,39,0,127631.62,1,0,1,22197.8
765,0,0,50,9,126547.8,1,1,1,79579.94
589,1,1,48,5,126111.61,1,0,1,133961.19
832,1,0,40,9,107648.94,2,1,1,134638.97
757,0,1,47,3,130747.1,1,1,0,143829.54
737,1,0,40,2,162485.8,2,1,0,149381.32
726,0,0,24,6,0.0,2,1,1,54724.03
548,0,0,37,9,0.0,2,0,0,98029.58
502,0,0,42,8,159660.8,3,1,0,113931.57
695,2,0,31,5,0.0,2,0,1,13998.88
605,1,0,56,1,74129.18,2,1,1,62199.78
652,2,1,31,1,132862.59,1,0,0,158054.49
611,2,0,37,4,0.0,2,1,0,125696.26
760,2,0,41,6,0.0,2,0,0,101491.23
758,1,0,23,5,122739.1,1,1,0,102460.84
729,2,0,45,7,91091.06,2,1,0,71133.12
445,1,0,61,2,137655.31,1,0,1,29909.84
577,1,0,43,3,127940.47,1,0,0,125140.72
632,2,0,40,3,109740.62,1,1,0,141896.74
520,2,0,63,5,162278.32,1,1,1,34765.33
709,2,1,62,3,0.0,2,1,1,82195.15
683,0,0,38,5,127616.56,1,1,0,123846.07
571,0,1,44,9,0.0,2,0,0,38433.35
681,2,1,30,2,111093.01,1,1,0,68985.99
652,0,0,48,8,133297.24,1,1,0,77764.37
662,0,1,31,3,0.0,2,0,1,27731.05
642,1,0,30,5,129753.69,1,1,0,582.53
615,0,1,32,7,92199.84,1,1,1,2755.53
653,1,1,41,1,104584.11,1,1,0,15126.32
516,0,1,46,2,0.0,2,1,1,169122.54
640,0,1,40,8,110340.68,1,1,1,157886.6
430,0,0,60,7,73937.02,1,1,0,161937.62
604,2,0,39,7,98544.11,1,1,1,52327.57
688,2,0,35,6,0.0,1,1,0,25488.43
758,2,1,35,5,0.0,2,1,0,95009.6
673,2,0,35,6,0.0,2,1,0,98618.79
730,0,0,22,9,65763.57,1,1,1,145792.01
757,1,0,34,9,101861.36,2,0,0,187011.96
480,0,1,35,2,165692.91,1,1,1,197984.58
584,0,1,31,5,0.0,2,1,0,31474.27
551,2,1,76,2,128410.71,2,1,1,181718.73
640,0,0,47,6,89799.46,2,0,1,13783.77
603,0,1,43,5,127823.93,1,1,1,19483.35
419,2,0,27,2,121580.42,1,0,1,134720.51
669,0,0,42,9,0.0,2,0,0,135630.32
672,0,1,34,6,0.0,1,0,0,22736.06
712,1,1,37,7,93978.96,2,1,0,60651.77
615,1,0,44,9,126104.98,2,0,1,110718.02
617,1,0,39,5,83348.89,3,1,0,7953.62
673,2,0,32,0,0.0,1,1,1,72873.33
501,0,0,34,5,0.0,1,1,0,27380.99
748,2,1,35,5,105492.53,1,1,1,150057.2
637,2,1,43,8,0.0,1,1,0,12156.93
535,2,1,37,3,175534.78,2,1,1,9241.52
621,1,0,55,7,131033.76,1,0,1,75685.59
608,2,0,63,3,139529.93,2,1,1,175696.16
850,1,1,39,3,124548.99,2,1,1,120380.12
701,0,0,34,3,105588.66,1,0,1,74694.41
636,2,1,36,1,0.0,3,1,1,74048.1
618,2,0,40,8,0.0,2,1,0,80204.38
687,0,0,72,9,0.0,1,0,1,69829.4
835,1,1,18,2,142872.36,1,1,1,117632.63
596,1,1,48,2,131326.47,1,0,0,1140.02
706,1,1,23,2,93301.97,2,0,1,127187.04
683,0,1,30,8,110829.52,2,0,0,24938.84
535,0,1,30,6,103804.97,1,1,1,125710.53
599,2,1,35,6,137102.65,1,0,0,76870.81
579,0,0,27,9,0.0,2,1,0,126838.7
631,2,0,41,0,0.0,1,0,0,87959.83
656,0,1,18,10,151762.74,1,0,1,127014.32
767,0,0,42,2,133616.39,1,1,0,28615.8
714,2,1,20,3,0.0,2,0,1,150465.93
717,0,1,35,4,0.0,1,1,1,167573.06
754,0,1,28,8,0.0,2,1,1,52615.62
769,1,0,31,7,148913.72,2,1,0,53817.23
688,0,1,26,0,0.0,2,1,0,105784.85
786,1,0,33,0,122325.58,1,0,0,34712.34
824,1,1,49,8,133231.48,1,1,1,67885.37
664,0,1,40,7,125608.72,1,1,0,122073.48
648,2,0,43,7,81153.82,1,1,1,144532.85
696,2,1,60,8,88786.81,1,1,1,196858.4
554,1,1,43,5,99906.89,1,0,0,24983.39
842,0,1,58,1,63492.94,1,1,1,83172.19
796,0,0,45,2,109730.22,1,1,1,123882.73
746,2,1,36,2,0.0,2,1,1,16436.56
710,2,0,38,4,0.0,2,1,1,136390.88
626,1,1,49,9,171787.84,2,1,0,187192.23
669,1,1,45,1,123949.75,1,0,0,110881.56
668,2,0,24,7,173962.32,1,0,0,106457.11
629,2,1,34,1,121151.05,1,0,0,119357.93
719,2,0,35,8,0.0,1,1,1,165162.4
845,1,0,43,3,152063.59,2,1,0,97910.06
662,0,1,32,9,0.0,2,0,0,65089.38
617,2,1,50,7,0.0,1,1,0,184839.7
667,2,1,45,3,0.0,2,0,0,163655.01
566,0,1,30,5,0.0,1,1,0,54926.51
466,0,1,29,6,0.0,2,1,1,2797.27
515,0,1,33,2,0.0,2,1,1,136028.97
633,0,1,40,4,150578.0,1,0,1,34670.62
664,0,1,24,7,0.0,1,0,1,35611.35
850,0,0,39,2,0.0,2,1,0,179451.42
622,0,0,35,5,0.0,2,1,0,51112.8
640,0,1,55,10,132436.34,1,1,0,978.66
534,2,1,51,3,0.0,2,0,1,20856.31
800,0,0,40,3,75893.11,2,1,0,132562.23
477,1,1,34,8,139959.55,2,1,1,189875.83
677,0,0,56,0,119963.45,1,0,0,158325.87
780,0,0,37,3,0.0,2,0,0,182156.81
726,0,0,53,1,113537.73,1,0,1,28367.21
716,2,1,33,2,0.0,2,1,1,92916.53
670,0,1,33,6,88294.6,1,1,0,66979.06
602,1,0,42,6,158414.85,1,1,1,131886.46
531,1,0,42,6,88324.31,2,1,0,75248.75
739,2,0,40,8,0.0,1,1,0,167030.51
661,0,1,39,5,0.0,2,0,0,181461.46
769,1,1,60,9,148846.39,1,1,0,192831.67
667,2,1,77,2,0.0,1,1,1,34702.92
630,1,0,31,2,112373.49,2,1,1,131167.98
599,2,1,36,4,0.0,2,0,0,13210.56
774,0,1,76,4,112510.89,1,1,1,143133.18
637,0,1,60,3,0.0,2,1,1,70174.03
712,0,1,24,2,0.0,1,0,1,121232.51
461,0,1,51,9,119889.84,1,0,0,56767.67
737,1,0,43,1,125537.38,1,1,0,138510.01
535,0,0,29,2,112367.34,1,1,0,185630.76
630,0,1,37,6,0.0,2,1,1,82647.65
529,2,0,44,1,0.0,2,0,0,14161.3
529,0,0,31,7,0.0,2,1,1,175697.87
631,2,0,46,10,0.0,2,1,1,129508.96
687,2,0,29,7,93617.07,1,0,1,113050.92
727,2,1,38,2,62276.99,1,1,1,59280.79
731,0,1,31,1,132512.26,1,1,1,185466.85
468,0,1,36,3,61636.97,1,0,0,107787.42
764,2,0,48,1,75990.97,1,1,0,158323.81
665,0,0,34,1,96645.54,2,0,0,171413.66
697,0,1,40,4,0.0,2,0,1,26543.28
767,0,1,36,3,0.0,1,0,0,65147.27
687,0,0,30,6,0.0,2,0,0,179206.92
627,0,1,44,6,153548.12,1,0,0,35300.08
444,0,0,40,5,84350.07,1,1,0,143835.76
490,2,1,40,6,156111.08,1,0,0,190889.13
590,1,0,40,2,117641.43,2,0,0,92198.05
850,2,1,30,2,0.0,2,0,1,27937.12
595,0,1,52,9,0.0,1,1,1,106340.66
625,0,0,40,7,141267.67,1,0,1,177397.49
732,1,1,42,9,108748.08,2,1,1,65323.11
664,0,1,54,8,0.0,1,1,1,162719.69
529,0,1,43,6,93616.35,2,0,0,98348.66
565,1,0,58,3,108888.24,3,0,1,135875.51
686,0,0,44,7,55053.62,1,1,0,181757.19
701,0,0,39,9,0.0,2,0,1,145894.9
563,0,0,32,0,148326.09,1,1,0,191604.27
782,1,0,53,1,81571.05,1,1,0,182960.46
531,2,1,37,1,143407.29,2,0,1,84402.46
686,0,1,34,6,146178.13,2,1,1,88837.11
479,2,1,27,2,172463.45,1,1,1,40315.27
650,0,1,60,8,0.0,2,1,1,102925.76
577,0,0,34,2,0.0,2,1,1,84033.35
731,1,1,35,2,127862.93,2,1,0,139083.7
762,2,0,26,7,123709.46,2,1,1,169654.57
675,2,1,66,5,115654.47,2,1,1,131970.86
590,0,1,43,7,81076.8,2,1,1,182627.25
591,2,1,31,8,0.0,1,1,1,141677.33
668,0,1,72,2,0.0,2,1,1,70783.61
742,0,1,39,8,140004.96,1,1,1,92985.78
664,2,1,44,7,77526.66,3,0,0,57338.56
759,1,1,31,4,98899.91,1,1,1,47832.82
542,0,1,67,10,129431.36,1,0,1,21343.74
748,2,1,60,3,0.0,2,1,1,78194.37
487,0,0,53,10,89550.85,1,0,1,90076.85
849,0,0,41,9,115465.28,1,1,0,103174.5
594,0,1,36,6,153880.15,1,0,0,135431.72
563,0,1,33,8,0.0,2,0,1,68815.05
752,0,0,53,8,114233.18,1,1,1,51587.04
511,0,1,27,8,0.0,2,1,1,49089.36
754,0,0,47,1,185513.67,1,1,0,27438.83
617,2,1,42,0,70105.87,1,1,1,120830.73
809,2,0,48,2,0.0,1,1,0,160976.85
641,0,0,35,4,0.0,2,0,0,125986.18
539,0,1,20,0,83459.86,1,1,1,146752.67
844,0,1,40,7,113348.14,1,1,0,31904.31
666,0,0,41,10,141162.08,1,1,0,50908.48
701,0,0,43,2,160416.56,1,0,1,37266.43
656,0,1,37,2,0.0,2,0,1,67840.81
520,0,0,29,8,95947.76,1,1,0,4696.44
681,0,0,37,7,69609.85,1,1,1,72127.83
663,0,1,67,9,0.0,3,1,1,72318.77
436,1,1,45,3,104339.11,2,1,1,183540.22
650,0,1,37,9,0.0,2,1,0,17974.08
660,1,0,39,5,135134.99,1,1,0,173683.0
604,0,1,30,5,0.0,2,1,0,75786.55
718,2,1,34,5,113922.44,2,1,0,30772.22
627,1,0,37,7,147361.57,1,1,1,133031.96
529,0,0,29,8,0.0,2,1,0,19842.11
650,0,0,39,4,0.0,2,0,0,186275.7
730,2,0,62,2,0.0,2,1,1,162889.1
490,0,1,29,4,0.0,2,1,0,32089.57
490,0,1,34,5,122952.9,2,0,0,154360.97
633,0,1,61,3,157201.48,1,0,1,50368.63
640,2,0,34,3,77826.8,1,1,1,168544.85
699,0,1,30,9,0.0,1,1,1,108162.13
593,0,1,33,1,0.0,2,0,0,9984.4
768,1,1,37,9,108308.11,1,1,0,41788.25
645,2,1,38,1,68079.8,1,0,1,166264.89
726,0,0,34,0,185734.75,1,1,1,102036.82
744,2,0,46,1,0.0,3,1,1,177431.59
564,1,1,41,9,103522.75,2,1,1,34338.21
456,0,1,29,5,107000.49,1,1,1,153419.62
730,1,0,33,7,130367.87,1,1,0,15142.1
742,1,1,33,0,181656.51,1,1,1,107667.91
632,1,0,35,2,150561.03,2,0,0,64722.61
617,0,0,28,0,0.0,2,1,1,7597.83
555,0,0,26,7,0.0,2,1,0,93122.41
663,1,1,32,8,130627.66,1,1,0,47161.25
586,1,1,42,6,126704.49,2,1,0,41682.3
710,0,0,31,3,0.0,2,1,1,112289.06
579,0,0,45,2,0.0,2,0,0,11514.39
576,0,1,41,1,0.0,1,1,1,188274.6
503,0,1,38,1,0.0,2,1,1,95153.24
686,1,1,26,1,57422.62,1,1,1,79189.4
577,1,0,44,1,152086.15,1,0,1,44719.5
753,0,1,57,7,0.0,1,1,0,159475.08
520,1,0,31,3,108914.17,1,1,1,183572.39
526,2,1,30,8,0.0,1,1,0,36251.0
617,0,1,40,5,190008.32,2,1,1,107047.92
671,2,1,50,8,0.0,1,0,1,2560.11
593,2,0,45,6,79259.75,1,1,0,55347.28
501,1,0,34,7,93244.42,1,0,1,199805.63
502,0,0,64,3,139663.37,1,0,1,100995.11
738,0,1,18,4,0.0,2,1,1,47799.15
613,0,1,40,4,0.0,1,0,0,151325.24
666,1,0,37,2,158468.76,1,0,1,93266.01
826,0,1,55,4,115285.85,1,1,0,140126.17
646,1,1,39,9,111574.41,1,1,1,30838.51
607,1,1,32,9,144272.07,2,1,0,176580.63
772,1,0,42,0,101979.16,1,1,0,90928.48
663,0,1,34,10,0.0,1,1,1,114083.73
660,1,1,35,8,58641.43,1,0,1,198674.08
790,1,0,34,2,164011.48,1,1,0,199420.41
614,1,0,30,3,131344.52,2,1,0,54776.64
663,2,1,27,8,0.0,1,1,1,188007.99
612,0,0,31,8,117989.76,1,1,1,54129.86
556,0,0,61,2,117419.35,1,1,1,94153.83
623,1,1,33,2,80002.33,1,1,1,104079.62
614,1,1,32,7,99462.8,2,1,1,51117.06
583,0,1,40,3,0.0,2,1,0,47728.0
746,0,1,36,7,142400.77,1,1,1,193438.69
605,0,1,39,7,0.0,1,0,1,119348.28
513,0,1,30,5,0.0,2,1,0,162523.66
664,0,0,31,9,114519.57,2,0,1,79222.02
658,0,0,43,7,140260.36,2,1,0,2748.72
503,0,0,37,8,0.0,2,1,1,97893.32
566,1,1,65,4,120100.41,1,1,0,107563.16
668,0,0,53,10,110240.04,1,0,0,183980.56
770,0,0,33,4,0.0,1,1,0,26080.54
588,1,0,48,1,143279.58,2,1,0,31580.8
586,0,0,38,6,0.0,2,1,1,37935.83
515,0,0,58,2,131852.81,1,1,0,81436.68
530,0,1,37,8,0.0,2,1,1,287.99
600,0,1,34,0,0.0,2,0,1,3756.23
639,0,1,22,4,0.0,2,1,0,28188.96
658,0,0,35,5,126397.66,1,0,0,156361.58
523,0,0,73,7,0.0,2,0,0,130883.9
683,2,1,40,4,95053.1,1,1,1,116816.54
787,0,1,25,5,0.0,2,1,0,47307.9
714,0,1,34,10,0.0,2,1,1,80234.14
747,0,0,40,3,0.0,1,0,0,57817.84
642,0,1,38,3,0.0,2,0,0,171463.83
476,0,0,34,10,0.0,2,1,0,26260.98
778,2,1,40,8,104291.41,2,1,1,117507.11
669,0,0,31,6,113000.66,1,1,0,40467.82
528,0,0,36,1,156948.41,1,1,1,149912.28
792,0,0,28,4,130142.79,1,1,0,38190.78
526,2,0,36,5,91132.18,1,0,0,58111.71
698,1,1,52,8,96781.39,1,1,1,153373.71
602,0,0,35,5,0.0,2,1,0,31050.02
602,1,0,26,8,113674.2,1,1,0,197861.16
662,0,1,44,8,0.0,2,1,1,175314.87
798,0,0,37,4,111723.08,1,1,1,83478.12
708,1,1,37,8,153366.13,1,1,1,26912.34
805,1,1,50,9,130023.38,1,1,0,62989.82
792,0,1,19,7,143390.51,1,1,0,33282.84
630,2,1,26,7,0.0,2,1,1,6656.64
698,0,1,41,3,90605.29,1,1,1,14357.0
745,1,1,51,3,99183.9,1,1,1,28922.25
552,0,0,41,9,124349.34,1,1,0,135635.25
620,0,0,33,9,127638.35,1,1,1,192717.57
665,0,1,36,1,0.0,2,0,1,121505.61
778,2,0,47,6,127299.34,2,1,0,124694.99
755,1,0,38,1,82083.52,1,0,1,10333.78
710,0,0,41,2,156067.05,1,1,1,9983.88
602,2,0,42,1,138912.17,1,1,1,139494.75
719,2,0,48,5,0.0,2,0,0,78563.66
679,1,0,32,0,88335.05,1,0,0,159584.81
665,2,0,51,8,0.0,1,1,1,38928.48
688,2,0,33,2,0.0,1,0,0,27557.18
515,2,1,35,10,176273.95,1,0,1,121277.78
563,1,1,44,7,105007.31,2,1,1,197812.16
740,0,1,39,9,0.0,2,1,0,19047.23
607,1,1,38,3,98205.77,1,1,0,176318.27
497,1,0,32,8,111537.23,4,1,1,9497.99
578,2,1,36,1,157267.95,2,1,0,141533.19
636,0,0,38,1,0.0,1,1,0,45015.38
596,0,0,39,10,86546.29,1,0,1,131768.98
543,0,1,36,4,0.0,2,1,1,141210.5
790,2,1,46,8,182364.53,1,0,0,139266.48
554,0,0,45,6,0.0,2,1,1,181204.5
683,0,1,30,4,114779.35,1,0,0,183171.47
604,0,0,56,0,62732.65,1,0,1,124954.56
757,2,0,44,9,0.0,2,1,0,177528.92
730,2,1,29,2,0.0,2,1,0,14174.09
536,0,0,41,9,0.0,1,1,0,121299.14
763,0,1,40,3,0.0,2,1,0,134281.11
705,0,0,37,10,0.0,2,1,1,13935.53
751,0,1,43,1,114974.24,1,1,0,125920.54
537,2,0,38,1,96939.06,1,1,1,102606.92
656,0,1,38,10,0.0,1,1,1,136521.82
682,0,0,30,9,0.0,2,1,1,195104.91
574,2,0,37,7,0.0,2,1,0,32262.28
700,1,1,35,4,95853.39,2,1,0,192933.37
772,0,0,35,9,0.0,1,0,1,25448.31
704,0,0,33,0,130499.09,2,1,1,74804.36
841,0,1,34,4,0.0,2,1,0,141582.66
698,0,0,40,7,105061.74,3,1,0,107815.31
850,0,0,35,5,0.0,1,1,1,80992.8
518,0,0,28,9,85146.36,1,0,0,2803.89
685,2,0,42,2,0.0,2,0,0,199992.48
608,0,0,33,4,0.0,1,1,0,79304.38
617,0,0,27,4,0.0,2,0,0,190269.21
624,0,1,51,10,123401.43,2,1,1,127825.25
781,1,1,35,7,92526.15,2,1,1,173837.54
474,0,1,33,5,0.0,2,1,0,181945.52
702,2,1,43,6,116121.67,1,1,0,61602.42
617,0,1,34,1,61687.33,2,1,0,105965.25
587,2,1,48,1,0.0,2,1,1,8908.0
613,1,1,38,9,67111.65,1,1,0,78566.64
679,1,0,50,6,132598.38,2,1,1,184017.98
555,0,1,30,1,0.0,2,0,0,88146.86
648,2,0,27,7,0.0,2,1,1,163060.43
695,2,1,35,7,0.0,2,1,0,160387.98
603,1,1,26,4,109166.37,1,1,1,92840.67
584,0,1,28,10,0.0,2,1,0,19834.32
746,0,1,24,3,137492.35,2,0,1,170142.09
771,1,0,36,5,77846.9,1,0,0,99805.99
651,2,1,45,4,0.0,2,0,0,193009.21
730,1,0,37,5,124053.03,1,1,0,118591.67
764,0,0,24,0,0.0,2,1,0,88724.49
697,1,1,31,3,108805.42,2,0,1,123825.83
733,2,1,35,8,102918.38,1,1,1,45959.86
539,0,1,39,3,139153.68,2,1,0,147662.33
754,1,0,55,3,161608.81,1,1,0,8080.85
562,0,1,36,6,0.0,2,1,0,32845.32
511,0,0,46,1,0.0,1,1,1,115779.48
818,0,0,31,1,186796.37,1,0,0,178252.63
686,0,0,43,0,0.0,1,1,1,170072.9
681,2,1,67,7,0.0,2,0,1,163714.92
763,1,0,61,1,66101.89,1,1,1,143981.27
752,0,0,41,8,0.0,2,1,0,139844.04
768,0,0,36,3,141334.95,1,0,1,125870.5
625,0,0,39,3,130786.92,1,0,1,121316.07
526,2,0,43,3,0.0,2,1,0,31705.19
641,0,0,40,7,0.0,1,1,0,126996.67
649,0,0,35,4,108306.44,1,1,1,192486.24
677,1,1,28,0,143988.0,2,1,0,8755.69
695,2,1,56,1,0.0,3,1,0,187734.49
564,2,1,31,0,125175.58,1,1,1,72757.33
775,0,0,27,4,152309.37,1,1,0,104112.0
760,0,1,39,6,178585.46,1,1,0,67131.3
596,0,1,47,6,0.0,1,1,0,74835.65
577,0,0,39,10,0.0,2,1,0,10553.31
828,0,1,37,4,0.0,2,1,0,94845.45
733,0,1,64,3,0.0,2,1,1,75272.63
590,2,1,29,10,0.0,1,1,1,51907.72
580,0,0,35,8,0.0,2,0,1,10357.03
691,0,1,26,9,136623.19,1,1,0,153228.0
673,0,0,38,2,170061.92,2,0,0,134901.34
638,0,0,29,9,103417.74,1,1,1,15336.4
622,0,1,43,8,0.0,2,1,0,100618.17
604,1,0,25,5,157780.84,2,1,1,58426.81
590,1,1,36,6,92340.69,2,1,1,174667.58
576,0,0,55,6,44582.07,3,0,1,67539.85
709,0,1,42,9,118546.71,1,0,1,77142.85
720,1,0,37,8,156282.79,1,1,0,45985.52
624,2,0,36,0,0.0,2,1,0,111605.9
707,0,1,33,8,136678.52,1,1,0,54290.62
473,1,1,40,8,152576.25,2,1,0,73073.68
844,0,0,28,4,0.0,2,0,1,123318.37
633,1,0,29,8,104944.1,1,1,1,97684.46
850,2,0,39,10,0.0,2,1,1,143030.09
754,1,0,48,7,141819.02,1,1,0,93550.53
728,1,0,32,9,127772.1,2,1,1,152643.48
507,0,1,36,4,83543.37,1,0,0,140134.43
666,0,1,53,5,64646.7,1,1,0,128019.48
648,2,0,54,7,118241.02,1,1,0,172586.89
590,2,1,30,3,0.0,2,1,0,83090.35
718,1,1,28,4,65643.3,1,1,0,28760.99
702,0,1,37,10,150525.8,1,1,1,94728.49
850,0,0,38,2,0.0,2,1,0,9015.07
594,0,0,53,4,0.0,1,1,0,5408.74
472,2,0,32,1,159397.75,1,0,1,57323.18
701,2,1,26,5,83600.24,1,0,1,59195.05
712,2,1,27,10,0.0,1,1,0,94544.88
514,2,1,30,7,0.0,1,0,1,125010.24
587,1,1,46,9,107850.82,1,1,0,139431.0
623,0,0,34,9,0.0,1,1,0,24255.21
681,2,0,32,3,0.0,2,1,1,59679.9
421,2,1,34,6,90723.36,1,1,1,12162.76
626,0,0,52,0,0.0,2,1,0,32159.46
743,1,1,45,10,144677.19,3,1,0,22512.44
655,2,0,35,1,82231.51,2,1,0,88798.02
703,0,1,32,1,125685.79,1,1,1,56246.72
679,2,1,39,6,0.0,2,1,0,12266.06
594,1,0,32,4,120074.97,2,1,1,162961.79
662,2,0,54,1,187997.15,1,0,0,111442.71
785,1,0,32,3,124493.03,2,0,1,52583.79
695,2,0,39,5,0.0,2,0,0,102763.69
487,1,0,61,5,110368.03,1,0,0,11384.45
814,0,0,36,6,0.0,2,1,1,98657.01
574,1,1,54,1,99774.5,1,0,0,4896.11
643,1,1,59,3,170331.37,1,1,1,32171.79
592,1,1,36,2,104702.65,2,1,0,107948.72
850,0,0,28,1,105245.34,1,0,1,74780.13
701,0,1,33,9,147510.34,1,1,0,190611.92
713,0,1,44,1,63438.91,1,1,0,64375.4
656,2,1,26,4,139584.57,1,1,0,36308.93
733,0,1,42,9,120094.93,1,1,0,184056.45
701,1,1,41,0,150844.94,1,0,1,127623.36
628,1,1,38,10,113525.84,1,1,0,46044.48
627,2,1,48,1,132759.8,1,1,0,78899.22
598,1,1,20,8,180293.84,2,1,1,29552.7
645,1,0,59,8,121669.93,2,0,0,91.75
718,0,0,25,4,108691.95,1,1,0,63030.97
567,2,1,44,9,0.0,2,1,0,87677.15
687,2,0,40,1,0.0,2,1,0,8207.36
633,0,1,37,2,0.0,2,1,0,182258.17
514,0,1,35,3,121030.9,1,1,0,10008.68
639,0,0,42,4,0.0,2,0,0,167682.37
667,1,0,56,8,137464.04,1,1,0,130846.79
765,2,0,32,9,178095.55,1,0,0,47247.56
567,0,0,45,4,0.0,2,0,1,121053.19
489,1,0,52,1,131441.51,1,1,0,37240.11
807,0,1,43,1,105799.32,2,1,0,34888.04
617,0,0,35,2,104508.1,1,1,1,147636.46
543,0,1,64,4,0.0,2,1,1,148305.82
593,2,0,40,2,0.0,1,1,1,5194.95
711,1,1,26,9,128793.63,1,1,0,19262.05
568,1,0,31,1,61592.14,2,1,1,61796.64
748,1,0,31,1,99557.94,1,1,0,199255.32
690,2,1,36,10,0.0,2,1,0,55902.93
779,0,1,71,3,0.0,2,1,1,146895.36
625,0,0,37,7,115895.42,1,1,0,48486.25
592,0,0,31,2,84102.11,2,0,1,116385.24
604,2,0,28,6,0.0,2,1,1,69056.26
601,0,1,40,10,127847.86,1,0,0,173245.68
597,0,1,61,5,0.0,2,1,1,81299.17
767,1,0,45,7,132746.2,2,1,0,26628.88
648,2,0,53,6,111201.41,1,1,1,121542.29
503,2,1,31,4,0.0,2,1,1,21645.06
652,1,1,27,2,166527.88,2,0,1,146007.7
468,0,0,22,1,76318.64,1,1,1,194783.12
719,0,1,36,3,155423.17,1,1,1,199841.32
630,1,1,29,6,131354.39,1,0,1,9324.31
645,0,1,30,1,125739.26,1,1,1,193441.23
754,2,0,19,9,0.0,1,1,0,189641.11
693,0,0,39,4,0.0,2,0,1,142331.39
807,1,0,42,9,105356.09,2,1,1,130489.37
701,0,1,29,2,0.0,2,1,0,176943.59
529,2,0,39,2,82766.43,1,1,1,122925.44
554,0,0,35,6,117707.18,2,0,0,95277.15
627,1,0,30,6,57809.32,1,1,0,188258.49
590,0,1,47,0,117879.32,1,1,1,8214.46
542,0,0,25,7,0.0,2,0,1,82393.08
640,2,1,43,9,172478.15,1,1,0,191084.4
640,0,1,28,7,0.0,2,1,1,131097.9
556,0,0,30,7,0.0,2,1,1,186648.19
513,2,0,31,5,174853.46,1,1,0,84238.63
628,1,0,51,9,155903.82,2,1,1,71159.84
607,2,1,28,1,135936.1,2,1,1,110560.14
706,2,1,20,8,0.0,2,1,1,12368.11
850,1,1,44,3,140393.65,2,0,1,186285.52
573,2,1,28,8,0.0,2,0,0,77660.03
503,0,1,29,3,0.0,2,1,1,143954.99
681,0,0,63,7,0.0,2,1,1,55054.48
634,1,0,31,8,76798.92,1,0,0,196021.73
700,2,1,44,9,0.0,2,1,0,142287.65
802,2,1,51,7,0.0,1,0,1,40855.79
687,0,0,35,3,99587.43,1,1,1,1713.1
555,2,1,33,1,56084.69,2,0,0,178798.13
663,1,0,46,6,95439.4,1,1,1,21038.58
689,1,1,33,2,161814.64,2,1,0,169381.9
680,0,1,31,10,113292.17,1,1,1,122639.73
590,0,0,32,0,127763.24,1,1,0,100717.54
653,1,1,31,9,143321.97,1,1,0,83679.46
724,0,1,40,10,0.0,1,1,0,127847.25
559,0,0,70,9,0.0,1,1,1,122996.76
674,0,1,26,6,166257.96,1,1,1,149369.41
734,0,1,45,2,0.0,2,1,0,99593.28
649,2,0,36,6,86607.39,1,0,0,19825.09
590,0,0,45,2,81828.22,1,1,0,52167.97
571,0,1,40,5,0.0,2,0,0,72849.29
542,2,1,43,6,113567.94,1,1,0,89543.25
511,0,0,30,5,0.0,2,1,0,143994.86
632,0,0,44,3,133793.89,1,1,1,34607.14
587,0,1,55,9,0.0,1,1,0,64593.07
641,0,1,35,5,0.0,2,1,0,93148.93
649,0,0,45,5,92786.66,1,1,0,173365.9
576,0,0,29,5,108541.04,1,1,1,126469.09
850,1,1,38,7,101985.81,2,0,0,43801.27
631,1,1,37,9,131519.49,2,1,1,51752.18
499,0,1,35,10,0.0,2,1,0,10722.54
786,1,0,32,2,104336.43,2,0,0,59559.81
576,0,1,39,1,0.0,2,1,1,68814.23
775,0,0,32,2,108698.96,2,1,1,161069.73
604,2,0,35,7,147285.52,1,1,1,57807.05
694,0,1,37,10,143835.47,1,0,1,33326.71
696,1,0,66,7,119499.42,2,1,1,174027.3
667,0,1,27,7,156811.74,1,1,1,149402.59
778,1,0,33,4,111063.73,2,1,0,83556.65
801,0,1,42,6,0.0,2,1,1,95804.33
649,1,1,24,7,101195.23,1,0,0,133091.32
707,0,1,42,2,16893.59,1,1,1,77502.56
456,2,1,32,9,147506.25,1,1,1,135399.21
847,0,1,51,5,97565.74,1,0,0,144184.06
716,0,0,44,6,155114.9,1,0,0,133871.83
625,0,0,44,7,0.0,1,1,0,4791.8
516,2,0,33,3,0.0,2,1,1,58685.59
681,0,0,43,8,154100.3,1,0,0,114659.81
584,0,1,36,9,0.0,1,1,1,105818.51
672,2,1,33,2,0.0,2,1,1,182738.0
670,0,0,50,8,138340.06,1,0,1,3159.15
465,1,1,24,6,156007.09,1,1,0,191368.37
679,0,1,42,1,0.0,2,0,0,71823.15
850,0,1,33,7,140956.99,1,0,0,3510.18
701,2,1,59,7,0.0,2,0,1,27597.59
757,0,1,23,2,80673.96,2,1,0,93991.65
740,1,1,40,4,114318.78,2,1,0,129333.69
635,1,1,43,5,78992.75,2,0,0,153265.31
733,1,1,45,2,113939.36,2,1,0,3218.71
684,0,1,32,9,100249.41,2,0,1,67599.69
826,2,0,29,4,129938.07,1,0,1,190200.53
757,0,1,38,0,0.0,1,1,0,83263.06
701,2,1,35,10,159693.9,2,1,1,71173.64
850,2,0,39,6,0.0,2,1,0,103921.43
737,1,1,35,0,133377.8,1,0,1,64050.19
526,2,1,49,2,0.0,1,1,0,114539.67
604,2,1,43,2,145081.72,1,1,1,23881.62
550,0,1,47,2,0.0,2,1,1,97057.28
632,0,0,28,5,118890.81,1,0,1,145157.97
706,1,0,44,2,185932.18,2,1,0,65413.41
602,0,0,35,8,0.0,2,1,1,152843.53
680,2,1,35,9,0.0,2,0,0,143774.06
583,0,0,27,4,0.0,3,1,0,163113.41
703,0,1,36,2,0.0,2,1,0,108790.95
510,2,0,38,4,0.0,1,1,0,118913.53
605,0,0,36,6,0.0,1,0,1,690.84
743,2,1,41,7,0.0,1,1,0,163736.09
735,2,1,38,7,86131.71,2,0,0,93478.96
549,2,1,25,6,193858.2,1,0,1,21600.11
611,0,1,38,7,0.0,1,1,1,63202.0
701,0,1,43,2,0.0,2,1,1,165303.79
555,1,1,41,10,113270.2,2,1,1,185387.14
741,0,1,42,6,106036.52,1,1,0,194686.78
766,1,1,27,5,126285.73,1,1,0,177614.17
507,2,1,46,6,92783.68,1,1,1,51424.29
470,0,0,25,8,127974.06,2,1,1,183259.35
661,2,0,41,5,28082.95,1,1,0,69586.27
732,0,1,79,10,61811.23,1,1,1,104222.8
805,1,0,33,3,105663.56,2,0,1,33330.89
850,2,0,32,5,0.0,1,1,1,3830.59
703,0,0,40,7,0.0,2,0,1,122518.5
698,0,0,57,9,111359.55,2,1,0,105715.01
718,2,0,39,2,0.0,1,1,1,52138.49
739,0,1,29,1,0.0,2,1,1,164484.78
678,2,0,61,8,0.0,2,1,1,159938.82
586,0,1,51,2,138553.57,1,1,1,92406.22
590,0,1,32,9,0.0,2,1,0,138889.15
619,0,1,29,5,0.0,2,1,0,194310.1
587,0,1,36,1,0.0,2,0,1,17135.6
665,0,1,33,2,101286.11,1,1,1,159840.51
659,2,1,78,2,151675.65,1,0,1,49978.67
482,0,1,55,5,97318.25,1,0,1,78416.14
581,2,1,46,2,79385.21,2,0,0,188492.82
661,2,1,20,8,0.0,1,1,0,110252.53
745,1,1,36,8,145071.24,1,0,0,6078.46
588,1,1,33,9,150186.22,2,1,1,65611.01
769,2,1,41,1,72509.91,1,1,0,25723.73
680,0,1,34,3,143292.95,1,1,0,66526.01
708,0,0,34,4,0.0,1,1,1,62868.33
676,2,0,36,4,0.0,2,1,1,3173.31
557,0,0,28,7,146445.24,2,1,0,184317.74
613,1,0,30,5,131563.88,2,1,0,170638.98
529,2,1,31,6,0.0,1,1,0,10625.91
535,0,1,38,8,85982.07,1,1,0,9238.35
697,0,1,42,9,132739.26,2,0,0,174667.65
788,0,0,33,5,0.0,2,0,0,116978.19
688,2,1,36,0,89772.3,1,1,0,177383.68
570,0,1,32,9,117337.54,2,0,1,62810.91
654,0,1,32,9,121455.65,1,1,0,190068.53
648,2,0,56,6,157559.59,2,1,0,140991.23
642,0,1,25,7,0.0,2,1,0,102083.78
608,2,0,28,4,0.0,2,1,0,10899.63
850,0,1,49,6,128663.9,1,1,0,65769.3
587,2,1,41,8,85109.21,1,1,0,1557.82
686,1,0,27,1,115095.88,2,0,0,78622.46
505,1,1,29,3,145541.56,2,1,1,58019.95
699,1,1,36,2,123601.56,2,1,0,103557.85
622,2,1,39,9,0.0,2,0,1,100862.36
775,1,0,77,6,135120.56,1,1,0,37836.64
529,0,0,31,6,152310.55,1,1,0,13054.25
705,2,0,23,5,0.0,2,1,1,73131.73
544,1,1,44,2,108895.93,1,0,0,69228.2
627,0,0,27,2,0.0,2,1,0,125451.01
645,2,1,44,8,113755.78,2,1,0,149756.71
472,0,1,29,8,102490.27,1,0,1,181224.56
622,0,0,30,4,107879.04,1,0,1,196894.62
791,1,1,35,5,129828.58,1,1,1,181918.26
585,0,0,33,4,152805.05,1,1,0,63239.65
515,0,1,48,5,129387.94,1,0,1,147955.91
519,1,0,21,1,151701.45,3,1,1,170138.68
494,0,1,40,7,0.0,2,0,1,158071.69
718,2,1,28,6,0.0,2,1,0,146875.86
641,0,0,26,4,91547.84,2,0,1,28157.34
587,0,1,39,10,0.0,2,1,1,170409.45
744,0,1,29,1,43504.42,1,1,1,119327.75
623,0,1,43,1,0.0,2,1,1,146379.3
640,0,1,45,1,0.0,1,1,1,10908.33
514,0,1,45,1,178827.79,1,1,0,60375.18
840,0,1,30,8,136291.71,1,1,0,54113.38
750,2,1,22,3,121681.82,1,1,0,128643.35
500,0,0,34,4,0.0,2,1,0,12833.96
567,2,1,29,8,0.0,2,1,0,156125.72
703,1,1,42,9,63227.0,1,0,1,137316.32
681,2,1,38,2,99811.44,2,1,0,23531.5
559,0,1,32,9,145303.52,1,1,0,103560.98
493,0,1,54,3,167831.88,2,1,0,150159.95
688,0,0,51,5,0.0,1,1,0,91624.11
520,2,0,35,4,115680.81,1,1,1,90280.7
575,0,1,46,1,0.0,2,1,1,65998.26
556,0,0,52,9,0.0,1,1,0,175149.2
553,1,0,25,7,128524.19,2,1,0,20682.46
735,2,1,36,5,0.0,2,1,0,105152.17
744,0,1,56,9,0.0,2,1,1,169498.61
562,0,1,37,2,0.0,1,0,1,52525.15
638,0,1,34,6,114543.27,1,1,1,97755.29
680,0,1,37,4,0.0,2,1,0,61240.87
616,1,0,45,6,128352.59,3,1,1,144000.59
657,1,1,30,1,139762.13,2,1,1,23317.88
714,2,1,44,7,0.0,1,0,1,6923.11
572,1,1,26,4,118287.01,2,0,0,60427.3
752,1,1,29,4,129514.99,1,1,1,102930.46
850,0,1,40,9,0.0,2,0,1,119232.33
365,1,1,30,0,127760.07,1,1,0,81537.85
648,0,0,43,7,139972.18,1,1,0,143668.58
648,0,0,44,2,0.0,2,1,1,58652.23
850,0,1,31,8,0.0,2,1,0,178667.7
605,0,0,32,5,0.0,2,1,1,42135.28
850,2,0,50,10,0.0,2,1,1,33741.84
646,2,1,32,1,0.0,2,1,0,183289.22
850,0,0,42,3,0.0,2,1,1,176883.42
662,2,0,42,6,105021.28,1,1,0,48242.38
524,1,1,29,9,144287.6,2,1,0,32063.3
740,1,0,36,4,109044.6,1,0,0,94554.74
850,1,1,38,5,146756.68,1,1,0,78268.61
679,1,0,34,7,121063.85,1,1,0,56984.58
644,2,1,26,8,96659.64,2,1,1,138775.69
729,1,1,39,6,127415.85,1,1,1,184977.2
850,2,1,36,0,0.0,2,1,0,141242.57
733,1,0,30,1,102452.71,1,1,0,21556.95
581,2,1,49,10,0.0,2,0,0,41623.59
507,0,0,35,1,0.0,2,0,0,92131.54
661,1,1,41,5,122552.48,2,0,1,120646.4
593,1,0,29,5,101713.84,3,1,0,134594.99
520,1,0,45,1,123086.39,1,1,1,41042.4
665,1,1,25,5,153611.83,2,1,0,35321.65
694,2,1,39,3,0.0,1,1,1,95625.03
655,1,1,34,7,118028.35,1,1,0,51226.32
500,0,1,56,1,100374.58,1,1,0,118490.8
550,0,1,32,8,97514.07,1,1,1,199138.84
606,2,1,35,7,0.0,1,1,0,106837.06
600,1,0,58,8,118723.11,1,0,0,6209.51
659,1,1,39,8,52106.33,2,1,1,107964.36
691,2,1,40,1,0.0,2,1,1,145613.17
814,0,0,48,7,0.0,2,1,1,132870.15
616,1,0,36,10,78249.53,1,1,0,136934.91
584,2,0,37,8,0.0,2,0,1,100835.19
503,2,1,37,6,0.0,2,0,0,136506.86
367,2,1,42,6,93608.28,1,1,0,168816.73
714,0,0,31,4,125169.26,1,1,1,106636.89
638,2,0,34,7,0.0,2,0,0,3946.29
628,1,0,45,6,53667.44,1,1,0,115022.94
743,2,1,25,6,0.0,2,1,0,129740.11
733,1,0,33,7,187257.94,1,0,1,190430.81
753,0,1,92,3,121513.31,1,0,1,195563.99
701,2,1,28,1,103421.32,1,0,1,76304.73
656,0,0,39,6,0.0,2,1,0,141069.88
769,2,1,39,9,0.0,1,1,1,47722.79
730,0,1,23,8,0.0,2,1,0,183284.53
573,0,0,32,9,125321.84,2,1,1,130234.63
613,1,0,51,7,147262.11,1,1,1,53630.9
528,0,0,32,4,85615.66,2,1,0,156192.43
697,2,0,25,5,82931.85,2,1,1,128373.88
601,1,1,43,3,141859.12,2,1,1,111249.62
633,0,0,32,1,104001.38,1,0,1,36642.65
746,0,1,37,2,0.0,2,1,0,143194.05
745,2,1,34,7,132944.53,1,1,1,31802.92
658,1,0,31,3,133003.03,1,0,1,146339.27
675,0,1,32,1,0.0,3,1,0,85901.09
710,2,0,27,2,135277.96,1,1,0,142200.15
579,0,1,38,8,0.0,2,0,0,91763.67
621,2,1,53,9,170491.84,1,1,0,35588.07
695,0,1,36,6,114007.5,2,1,0,118120.88
670,0,0,38,4,119624.54,2,1,1,110472.12
724,0,1,30,10,0.0,2,1,1,54265.55
660,0,0,43,1,0.0,1,0,1,112026.1
619,2,0,32,4,175406.13,2,1,1,172792.43
806,1,1,36,8,167983.17,2,1,1,106714.28
504,2,1,34,0,54980.81,1,1,1,136909.88
593,0,1,43,9,0.0,2,1,1,76357.43
612,0,0,63,2,126473.33,1,0,1,147545.65
671,1,0,47,7,114603.76,2,1,0,153194.32
641,1,0,40,2,110086.69,1,1,0,159773.14
601,1,0,42,9,133636.16,1,0,1,103315.74
678,1,1,83,6,123356.63,1,0,1,92934.41
729,1,1,36,8,152899.24,2,1,0,177130.33
587,1,0,44,5,125584.17,2,1,1,41852.24
545,0,1,23,2,0.0,2,1,0,189613.12
485,0,0,25,3,134467.26,1,1,1,113266.09
809,0,0,38,2,154763.21,2,1,1,174800.31
718,2,1,32,8,0.0,2,1,1,41399.33
431,0,1,63,6,160982.89,1,1,1,168008.17
623,0,1,23,1,106012.2,2,0,1,191415.94
657,0,1,34,3,107136.6,1,1,0,153895.46
439,0,1,28,7,110976.23,2,1,0,138526.96
850,2,0,70,5,0.0,1,1,1,705.18
712,0,0,27,2,133009.51,1,1,0,126809.15
850,2,1,71,10,69608.14,1,1,0,97893.4
850,0,0,37,9,0.0,1,0,0,100101.06
602,2,1,30,9,113672.18,2,0,0,102135.92
530,0,0,29,5,0.0,2,0,0,121451.21
563,0,0,35,2,183572.84,1,1,1,66006.75
555,2,0,26,9,0.0,2,0,1,158918.03
580,1,1,76,2,130334.84,2,1,1,51672.08
715,0,1,45,4,0.0,2,1,1,55043.93
683,0,1,41,6,95696.52,2,1,1,184366.14
717,0,1,53,6,0.0,2,0,1,97614.87
756,1,1,41,6,149049.92,1,0,1,50422.36
616,2,1,31,7,76665.71,2,1,1,163809.08
523,1,1,63,6,116227.27,1,1,1,119404.63
633,0,1,29,10,130206.28,1,1,0,184654.87
659,0,0,37,1,151105.68,1,1,1,140934.57
602,2,1,33,5,0.0,2,0,1,64038.34
778,0,1,37,3,141803.77,1,0,1,179421.84
695,2,0,31,8,0.0,2,0,1,131644.41
452,1,1,33,7,153663.27,1,1,0,111868.23
535,2,1,35,8,118989.92,1,1,1,135536.72
705,2,1,46,7,0.0,2,1,0,117273.35
676,1,0,34,4,89437.03,1,1,1,189540.95
633,1,1,29,6,117412.35,1,0,0,30338.94
635,0,1,43,10,122198.21,2,0,1,179144.54
621,0,0,50,5,0.0,2,1,0,191756.54
719,0,0,37,9,101455.7,1,1,0,25803.59
739,0,0,27,6,0.0,1,1,1,57572.38
622,1,0,52,9,111973.97,1,1,1,162756.29
550,1,1,52,5,121016.23,1,1,1,41730.37
645,0,1,41,7,0.0,1,0,1,28667.56
727,2,1,71,8,0.0,1,1,1,198446.91
676,0,1,30,1,128207.23,1,1,1,55400.17
833,0,1,30,1,0.0,2,1,0,141860.62
671,2,1,38,0,92674.94,2,1,0,3647.57
548,1,0,33,0,101084.36,1,1,0,42749.85
418,0,1,28,7,98738.92,1,1,0,122190.22
588,0,1,40,5,0.0,2,0,0,100727.68
722,1,0,37,0,125977.81,1,0,0,160162.42
664,0,1,48,10,0.0,1,1,0,140173.17
850,0,1,31,3,0.0,2,1,0,121866.87
678,0,1,31,2,0.0,2,1,1,58803.28
627,0,0,55,2,159441.27,1,1,0,100686.11
728,2,0,43,5,0.0,1,1,1,120088.17
488,2,0,39,9,140553.46,1,0,0,12440.44
703,0,0,45,7,0.0,2,1,1,68831.72
757,0,1,32,9,0.0,2,1,0,115950.96
601,0,0,41,1,0.0,2,0,1,160607.06
607,2,0,32,7,0.0,3,0,1,10674.62
705,1,0,43,10,146547.78,1,0,1,10072.55
593,0,0,32,3,0.0,2,1,1,151978.36
705,1,0,46,4,115518.07,1,0,0,76544.9
501,0,0,39,9,117301.66,1,0,0,182025.95
640,0,0,29,3,0.0,2,1,0,2743.69
610,0,0,27,4,87262.4,2,1,0,182720.07
594,2,0,24,0,97378.54,1,1,1,71405.17
721,0,0,55,3,44020.89,1,1,0,65864.4
499,1,1,36,5,131142.53,2,1,0,174918.46
618,1,0,29,10,100315.1,2,1,1,32526.64
774,2,0,36,8,117152.3,1,0,0,101828.39
470,1,1,39,5,117469.91,2,0,0,63705.9
795,1,0,33,9,130862.43,1,1,1,114935.21
569,2,1,43,8,161546.68,2,0,1,178187.28
600,2,1,37,8,177657.35,1,1,1,77142.32
461,1,0,34,5,63663.93,1,0,1,167784.28
684,2,0,41,7,0.0,1,1,1,138394.37
846,0,0,41,5,0.0,3,1,0,3440.47
600,1,1,28,2,116623.31,1,0,1,59905.29
670,0,1,33,8,126679.69,1,1,1,39451.09
621,1,1,40,8,174126.75,3,1,0,172490.78
653,1,0,37,3,125734.2,2,1,0,134625.09
734,1,0,47,10,91522.04,2,1,1,138835.91
592,0,0,34,9,0.0,2,1,1,20460.2
584,0,0,44,5,95671.75,2,1,1,106564.88
646,1,1,39,6,121681.91,2,0,1,61793.47
716,0,0,35,8,112808.18,1,0,1,17848.3
695,1,1,40,7,139022.24,1,0,1,193383.13
568,0,0,47,7,0.0,2,1,1,45978.39
537,0,1,47,10,0.0,2,0,1,25482.62
484,1,0,34,4,148249.54,1,0,1,33738.27
565,1,0,32,9,68067.24,1,1,0,143287.58
659,2,1,31,7,149620.88,2,1,1,104533.51
523,0,1,61,8,66250.71,1,1,1,21859.06
583,0,1,38,8,0.0,1,1,0,47848.56
617,2,0,36,7,115617.24,1,1,1,71519.4
736,0,1,43,4,176134.54,1,1,1,52856.88
672,0,0,40,3,0.0,1,1,0,113171.61
700,1,0,30,4,116377.48,1,1,1,134417.31
648,0,1,42,4,0.0,2,1,0,19283.14
698,0,1,27,7,0.0,2,1,0,111471.55
736,0,0,29,9,0.0,2,0,0,176152.7
694,2,1,31,5,0.0,1,1,0,35593.18
816,1,0,38,5,130878.75,3,1,0,71905.77
613,0,1,47,6,146034.74,1,1,1,77146.14
794,2,0,37,9,0.0,2,1,0,68008.85
673,0,1,31,1,108345.22,1,0,1,38802.03
786,2,0,34,9,0.0,2,1,0,117034.32
645,2,1,49,8,0.0,2,1,0,162012.6
635,1,0,65,5,117325.54,1,1,0,155799.86
595,1,0,44,4,96553.52,2,1,0,143952.24
532,2,0,39,0,0.0,2,1,0,94977.3
667,2,1,31,5,0.0,2,1,1,20346.69
850,2,1,30,2,141040.01,1,1,1,5978.2
820,0,1,36,4,0.0,2,1,0,31422.69
623,2,0,40,7,0.0,1,1,1,25904.12
751,0,0,37,9,183613.66,2,0,0,49734.94
594,1,1,38,6,63176.44,2,1,1,14466.08
678,1,0,44,2,98009.13,2,0,1,31384.86
636,1,0,29,3,97325.15,1,0,1,131924.38
755,0,1,62,1,127706.33,2,0,1,142377.69
789,1,1,43,8,119654.44,2,0,1,148412.24
655,2,1,38,3,250898.09,3,0,1,81054.0
605,0,1,35,6,0.0,2,1,1,45206.57
762,0,1,36,5,119547.46,1,1,1,42693.65
679,0,0,33,1,0.0,2,0,0,69608.48
820,0,0,39,1,104614.29,1,1,0,61538.43
619,2,1,46,8,62400.48,1,1,1,132498.39
659,2,1,60,2,0.0,1,1,0,177480.45
673,1,0,69,3,78833.15,2,1,1,37196.15
615,1,1,39,5,113193.51,2,1,1,52166.25
432,1,1,38,2,135559.8,2,1,1,71856.3
629,2,1,39,5,0.0,2,0,0,116748.14
717,0,1,40,0,98241.04,1,1,0,110887.14
718,2,1,40,9,0.0,2,0,0,121537.91
703,2,1,39,6,152685.4,1,0,0,183656.12
529,2,1,34,9,0.0,1,1,1,93208.22
551,2,1,32,4,0.0,2,1,0,53420.53
681,1,1,37,8,73179.34,2,1,1,25292.53
574,1,0,43,3,141349.43,1,1,1,100187.43
543,0,0,36,3,0.0,2,0,0,26019.59
597,0,1,28,2,0.0,3,1,1,78707.97
615,1,1,58,3,72309.3,1,1,1,85687.09
793,2,1,29,8,96674.55,2,0,0,192120.66
640,0,0,33,6,84719.13,2,1,1,113048.79
828,2,1,47,1,109876.82,2,1,0,83611.45
631,2,0,31,2,88161.85,2,1,0,127630.88
722,2,0,29,9,0.0,2,1,1,142033.07
751,0,0,39,3,0.0,2,1,1,84175.34
632,2,0,32,1,0.0,2,1,0,19525.65
815,0,1,37,1,166115.42,1,1,0,67208.3
737,0,1,43,0,80090.93,1,1,0,39920.0
646,2,0,42,3,99836.47,1,0,1,22909.56
563,2,1,24,7,0.0,2,0,0,16319.56
599,2,1,25,3,0.0,2,1,1,120790.02
753,0,0,31,6,106596.29,1,0,0,91305.77
718,1,0,33,4,70541.06,1,0,0,88592.8
478,0,0,38,4,171913.87,1,1,0,51820.87
548,1,0,36,2,108913.84,2,1,1,140460.01
729,0,0,38,7,0.0,2,0,0,45779.9
759,2,1,38,1,0.0,2,1,0,20778.39
428,0,0,31,2,0.0,2,1,0,54487.43
712,0,1,23,2,0.0,2,0,1,66795.78
757,1,1,31,8,149085.9,2,1,1,197077.36
645,2,1,45,4,0.0,1,0,1,174916.85
505,2,1,35,8,116932.59,1,1,0,91092.84
526,1,1,31,5,145537.21,1,1,0,132404.64
669,0,0,41,0,150219.41,2,0,0,107839.03
597,2,1,38,1,0.0,2,1,0,41303.29
737,2,0,45,2,0.0,2,0,1,177695.67
629,2,0,44,6,125512.98,2,0,0,79082.76
709,2,0,35,1,111827.27,2,1,0,12674.68
761,0,1,31,7,0.0,3,1,1,166698.18
697,0,0,38,1,182065.85,1,1,0,49503.5
825,1,0,35,6,118336.95,1,1,0,26342.33
581,0,1,31,3,0.0,2,0,0,89040.61
680,2,0,34,7,0.0,2,1,0,98949.85
723,2,1,38,6,0.0,2,1,1,94415.6
638,0,1,34,5,133501.36,1,0,1,155643.04
622,0,1,26,9,0.0,2,1,1,153237.59
644,0,1,50,9,76817.0,4,1,0,196371.13
660,1,1,28,2,170890.05,2,1,0,41758.9
468,0,0,56,10,0.0,3,0,1,62256.87
588,2,1,33,2,0.0,2,1,1,12483.56
590,2,1,22,7,125265.61,1,1,1,161253.08
538,2,0,30,8,0.0,2,1,1,41192.95
523,1,1,60,1,163894.35,1,0,1,57061.71
832,0,0,27,10,98590.25,1,1,0,30912.89
711,0,0,81,6,0.0,2,1,1,72276.24
732,1,0,61,9,94867.18,2,1,1,157527.6
579,2,1,22,3,118680.57,1,1,1,49829.8
658,0,1,29,3,145512.84,1,1,0,20207.02
769,1,0,34,7,137239.17,1,1,1,71379.92
807,0,0,36,4,0.0,2,0,1,147007.33
687,1,0,47,1,91219.29,1,0,0,158845.49
616,0,0,66,1,135842.41,1,1,0,183840.51
502,1,0,42,0,132002.7,1,0,1,28204.98
832,0,1,61,2,0.0,1,0,1,127804.66
551,2,1,27,2,113873.22,1,1,1,85129.77
541,0,1,34,3,128743.55,1,1,0,134851.12
569,2,0,51,3,0.0,3,1,0,75084.96
775,0,1,30,4,0.0,2,1,0,49337.84
759,0,0,38,1,104091.29,1,0,0,91561.91
740,1,0,40,2,122295.17,2,1,1,30812.84
559,2,0,27,1,0.0,1,0,1,1050.33
596,0,1,42,7,0.0,2,1,1,121568.37
671,1,0,23,9,123943.18,1,1,1,159553.27
850,2,1,36,6,0.0,2,0,1,41291.05
848,1,0,40,5,148495.64,1,0,0,158853.98
667,2,0,40,1,146502.07,1,1,0,19162.89
705,0,0,38,3,123894.43,1,1,0,21177.1
703,0,1,56,9,0.0,1,0,0,85547.33
678,0,0,38,2,0.0,2,0,0,115068.99
627,0,0,35,7,0.0,2,0,1,193022.44
654,1,1,37,2,145610.07,2,0,0,186300.59
531,0,1,37,7,121854.45,1,1,0,147521.35
680,0,1,27,3,0.0,1,1,0,32454.26
534,0,1,41,9,0.0,2,1,0,13871.34
602,0,0,39,6,154121.32,2,1,0,176614.86
713,0,1,36,8,133889.35,1,1,1,143265.65
524,0,0,28,7,0.0,2,0,1,147100.72
667,1,1,32,0,103846.65,1,1,0,20560.69
684,0,1,46,0,0.0,2,1,1,36376.97
645,0,0,48,7,90612.34,1,1,1,149139.13
824,1,1,77,3,27517.15,2,0,1,2746.41
481,1,1,44,3,163714.52,1,1,0,96123.72
651,0,1,35,2,86911.8,1,1,0,174094.24
743,0,1,40,8,68155.59,1,1,0,94876.65
774,0,0,47,6,94722.88,1,0,1,61450.96
748,0,1,60,0,152335.7,1,1,0,126743.33
758,1,0,47,9,95523.16,1,1,0,73294.48
769,0,1,29,2,123757.52,2,1,0,84872.66
647,1,1,37,3,116509.99,1,1,1,149517.71
496,2,0,43,3,0.0,2,0,1,199505.53
675,2,1,32,8,197436.82,1,1,1,52710.7
617,2,0,37,9,101707.8,1,1,0,123866.28
769,0,1,48,2,96542.16,2,0,1,197885.72
850,0,1,40,1,76914.21,1,1,0,174183.44
544,0,0,29,1,118560.55,1,1,1,164137.36
747,1,1,58,7,116313.57,1,1,1,190696.35
672,0,0,34,1,142151.75,2,1,1,168753.34
627,2,0,55,6,0.0,1,0,0,91943.94
479,1,0,23,9,123575.51,1,0,1,95148.28
810,0,1,32,9,120879.73,2,0,1,78896.59
705,1,0,48,1,156848.13,2,1,1,99475.95
724,2,1,45,5,83888.54,1,0,1,34121.81
705,1,0,33,5,116765.7,1,0,0,190659.17
618,0,0,21,2,125682.79,1,0,0,57762.0
485,1,0,30,5,156771.68,1,1,1,141148.21
690,2,1,49,8,116622.73,1,0,1,51011.29
719,2,1,44,2,0.0,2,1,0,196582.19
658,1,1,29,5,75395.53,2,0,1,54914.92
850,0,1,33,10,0.0,1,1,0,4861.72
592,0,1,37,3,96651.03,1,1,1,3232.82
656,2,1,28,8,120047.77,1,1,1,137173.39
539,2,1,38,8,71460.67,2,1,1,10074.05
674,0,1,37,3,0.0,1,1,0,158049.9
655,0,1,27,10,0.0,2,1,0,51620.94
499,1,0,55,4,126817.65,2,1,0,123269.71
677,0,1,37,3,88363.03,1,0,1,117946.3
633,1,1,30,2,109786.82,2,1,1,139712.81
506,0,0,41,1,0.0,2,1,0,31766.3
655,0,1,24,9,107065.31,1,1,1,51959.82
464,1,1,37,4,155994.15,1,0,0,143665.44
760,2,1,28,1,141038.57,2,0,0,16287.38
661,0,0,27,3,0.0,2,1,1,76889.79
708,1,1,42,9,176702.36,2,1,1,104804.74
662,1,1,59,2,104568.41,1,1,0,8059.44
712,0,1,33,2,182888.08,1,1,0,3061.0
735,2,1,39,1,60374.98,1,1,0,40223.74
488,1,0,28,7,139246.22,2,1,0,106799.49
771,2,0,33,5,0.0,2,1,0,8673.43
566,0,1,42,3,108010.78,1,1,1,157486.1
634,0,0,24,2,87413.19,1,1,0,63340.65
806,0,0,32,3,63763.49,1,1,0,156593.09
501,2,1,43,6,104533.24,1,0,0,81123.59
645,2,0,55,1,133676.65,1,0,1,17095.49
711,0,0,29,3,130181.47,2,1,0,31811.44
587,1,1,40,5,138241.9,2,1,0,159418.1
550,2,1,51,5,0.0,2,1,0,153917.41
677,0,1,58,9,0.0,1,0,1,168650.4
723,0,0,49,4,0.0,2,0,1,89972.25
850,0,0,35,9,0.0,2,0,0,25329.48
649,0,1,38,1,122214.0,1,0,1,88965.46
654,0,1,32,6,0.0,2,1,1,137898.57
619,1,0,41,5,92467.58,1,1,0,38270.47
635,2,1,29,2,0.0,2,0,0,117173.8
767,0,1,43,1,76408.85,2,1,0,77837.63
731,0,1,37,8,0.0,2,1,1,170338.35
724,1,0,53,1,139687.66,2,1,1,12913.92
714,2,1,45,8,150900.29,2,0,1,139889.15
751,1,0,28,10,132932.14,2,1,1,46630.47
784,0,1,38,5,136712.91,1,0,1,169920.92
652,0,0,34,6,97435.85,2,1,1,104331.76
721,0,0,40,7,0.0,2,1,1,122580.48
680,2,0,31,9,119825.75,2,1,1,101139.3
729,1,0,39,1,131513.26,1,1,1,193715.0
486,0,1,63,9,97009.15,1,1,1,85101.0
632,0,1,40,5,147650.68,1,1,1,199674.83
659,1,1,67,6,117411.6,1,1,1,45071.09
612,0,0,38,1,0.0,2,1,1,9209.21
576,1,0,36,8,166287.85,1,1,1,23305.85
646,1,1,39,0,154439.86,1,1,0,171519.06
606,0,1,47,3,93578.68,2,0,1,137720.56
529,0,1,42,1,157498.9,1,1,1,82276.62
631,1,1,48,1,106396.48,1,1,1,150661.42
620,2,1,31,2,166833.86,2,1,1,135171.6
793,1,1,54,2,128966.13,1,0,0,18633.4
750,0,1,36,7,136492.92,3,1,1,26500.29
577,0,0,30,8,92472.1,2,0,1,126434.61
706,1,0,46,4,105214.58,1,1,0,108699.59
494,0,1,69,9,93320.8,1,1,1,24489.44
577,2,1,43,3,0.0,2,1,1,135008.92
693,0,1,31,2,0.0,2,1,1,107759.31
507,0,0,33,1,113452.66,1,0,0,142911.99
480,1,1,44,10,129608.57,1,1,0,5472.7
703,2,1,36,7,135095.47,1,1,0,143859.66
780,1,1,51,4,126725.25,1,1,0,195259.31
719,2,1,44,4,0.0,1,0,0,84972.9
651,0,0,65,0,0.0,2,1,1,190454.04
576,0,1,39,9,84719.98,1,0,0,191063.36
678,1,1,48,2,101099.9,2,0,1,193476.04
504,1,0,44,0,131873.07,2,1,1,158036.72
580,1,0,36,6,145387.32,2,1,1,169963.2
697,2,1,30,1,0.0,2,0,0,735.79
566,2,1,32,10,147511.26,1,1,1,159891.03
727,1,1,36,6,140418.81,1,1,1,113033.73
567,2,1,35,8,153137.74,1,1,0,88659.07
616,1,0,28,10,105173.99,1,0,1,29835.37
542,2,1,32,2,131945.94,1,0,1,159737.56
537,1,1,66,8,103291.25,2,1,1,130664.79
643,1,1,41,2,127841.52,1,1,0,172363.41
608,1,1,26,1,106648.98,1,0,1,7063.6
814,2,0,72,2,0.0,2,0,1,130853.03
640,0,1,43,7,132412.38,1,0,0,69584.3
705,0,0,55,8,0.0,2,1,1,14392.68
559,0,0,38,8,95139.41,1,1,1,86575.46
712,0,1,32,9,100606.02,1,1,0,165693.06
669,0,0,43,1,160474.59,1,1,1,95963.14
760,1,0,34,6,58003.41,1,1,0,90346.1
678,1,0,43,2,153393.18,2,1,1,193828.27
570,1,1,38,1,127201.58,1,1,0,147168.28
738,1,0,29,9,139106.19,1,1,0,141872.05
511,0,1,45,5,68375.27,1,1,0,193160.25
640,0,0,30,6,107499.7,1,1,1,187632.22
728,1,0,35,8,125884.95,2,1,0,54359.02
598,0,1,28,8,129991.76,2,0,1,46041.08
716,2,0,29,8,0.0,2,0,0,78616.92
554,2,1,26,8,149134.46,1,1,1,177966.24
610,2,0,46,5,116886.59,1,0,0,107973.44
724,0,1,34,2,154485.74,2,0,0,78560.64
609,2,1,37,5,129312.79,1,1,1,26793.82
496,2,0,44,0,179356.28,2,1,0,2919.21
584,2,1,32,5,0.0,2,1,0,10956.82
619,0,0,55,0,0.0,3,0,0,60810.64
640,1,1,39,9,131607.28,4,0,1,6981.43
662,0,0,37,5,0.0,2,1,0,151871.84
566,1,1,54,4,118614.6,2,1,1,172601.62
697,2,0,37,7,168066.87,1,1,0,35450.53
733,0,1,36,5,0.0,2,1,1,109127.54
749,2,0,43,1,124209.02,1,1,1,167179.48
797,1,1,32,1,151922.94,1,1,0,8877.06
517,0,1,56,9,142147.32,1,0,0,39488.04
544,0,1,40,8,0.0,2,1,0,61581.2
533,0,1,47,9,83347.25,1,1,1,137696.25
606,0,0,35,0,135984.15,2,1,0,186778.89
668,2,1,43,10,113034.31,1,1,1,100423.88
850,0,0,28,9,0.0,2,1,1,164864.67
582,0,1,29,0,0.0,1,1,0,142516.35
657,0,0,39,4,80293.81,1,1,0,97192.76
615,2,0,41,9,109013.23,1,1,0,196499.96
693,1,0,37,6,95900.04,1,1,1,38196.24
544,1,1,39,4,142406.43,2,1,0,146637.45
608,0,1,33,9,89968.69,1,1,0,68777.26
676,0,1,23,1,107787.47,1,0,1,116378.82
744,2,1,39,4,95161.75,1,1,0,19409.77
490,0,0,35,7,107749.03,1,1,1,3937.37
787,0,1,46,7,117685.31,2,1,1,93360.35
618,0,1,48,7,0.0,1,1,0,13921.82
670,2,1,35,2,124268.64,2,0,1,84321.03
697,2,1,62,7,0.0,1,1,0,129188.18
574,2,1,34,5,0.0,2,0,0,28269.86
650,2,1,41,3,128808.65,3,0,0,113677.53
766,1,0,38,7,130933.74,1,0,1,2035.94
770,2,1,30,8,0.0,2,0,1,50839.85
590,0,0,29,4,0.0,2,1,0,121846.81
758,0,0,34,3,0.0,2,1,1,124226.16
643,0,1,36,7,161064.64,2,0,1,84294.82
698,2,0,39,9,161993.89,1,0,0,90212.38
410,0,0,35,7,117183.74,1,1,1,109733.73
686,1,1,35,2,109342.82,2,0,1,86043.27
512,2,1,39,3,0.0,1,1,0,134878.19
456,0,0,63,1,165350.61,2,0,0,140758.07
700,0,0,32,8,110923.15,2,1,1,161845.81
768,0,1,25,0,78396.08,1,1,1,8316.19
653,2,1,35,9,0.0,2,1,1,45956.05
840,2,0,36,6,0.0,2,1,0,141364.27
645,2,1,49,2,0.0,2,0,0,10023.15
841,2,1,28,4,0.0,2,1,1,179436.6
531,2,1,31,2,118899.45,2,0,0,41409.36
593,2,1,44,5,0.0,1,1,0,128046.98
606,0,0,39,3,0.0,2,1,0,50560.45
526,0,1,28,1,112070.44,1,0,1,126281.83
716,0,0,44,3,109528.28,1,1,0,27341.63
711,2,1,32,5,0.0,2,1,1,147720.27
684,0,0,27,9,122550.05,2,0,1,137835.82
775,0,1,31,9,0.0,2,1,0,169278.51
692,1,1,24,2,120596.93,1,0,1,180490.53
667,1,0,39,4,83765.35,2,1,0,118358.54
649,0,0,31,2,0.0,2,1,0,15200.61
786,0,1,35,3,0.0,2,1,0,92712.97
708,0,0,44,2,161887.81,2,1,0,84870.23
591,1,0,51,8,132508.3,1,1,1,161304.68
762,1,1,56,10,100260.88,3,1,1,77142.42
737,0,0,33,4,0.0,2,1,0,115115.32
508,0,1,49,7,122451.46,2,1,1,75808.1
553,0,1,33,4,118082.89,1,0,0,94440.45
613,0,1,40,7,124339.9,1,0,0,193309.58
774,2,1,32,9,0.0,2,1,0,10604.48
690,2,0,36,10,91760.11,1,1,1,135784.94
520,0,1,58,3,0.0,2,0,1,32790.02
605,2,1,47,7,142643.54,1,1,0,189310.27
603,2,1,46,2,0.0,2,1,0,174478.54
567,0,1,54,9,96402.96,1,0,0,52035.29
455,0,1,40,1,0.0,3,0,1,129975.34
543,0,1,30,4,140916.81,1,1,0,157711.18
603,0,1,31,4,0.0,2,0,1,9607.1
499,2,0,53,1,75225.53,2,0,0,144849.1
648,1,1,33,7,135310.41,2,0,1,171668.2
627,1,1,52,1,76101.81,2,0,1,177238.35
775,0,1,52,8,109922.61,1,1,1,96823.32
508,0,1,44,3,115451.05,2,0,0,67234.33
605,0,0,64,2,129555.7,1,1,1,13601.79
738,0,1,29,2,0.0,2,1,1,170421.13
765,1,1,36,8,92310.54,2,1,1,72924.56
595,2,0,23,10,101126.66,2,0,0,37042.8
468,2,1,26,1,131643.25,1,1,0,64436.16
757,1,1,36,1,65349.71,1,0,0,64539.64
599,0,1,28,7,119706.22,1,0,0,31190.42
578,2,1,23,8,0.0,2,1,0,112124.98
604,2,1,23,9,124577.33,1,1,1,7267.25
432,2,1,38,7,0.0,2,1,0,150580.88
773,0,0,41,7,190238.93,1,1,1,57549.65
650,2,1,24,8,108881.73,1,1,0,104492.83
611,2,1,34,4,0.0,2,1,0,170950.58
475,0,1,39,6,0.0,1,1,1,56999.9
660,0,0,35,6,100768.77,1,1,0,19199.61
626,0,1,34,7,113014.7,2,1,1,56646.28
473,1,0,35,7,131504.73,1,1,0,189560.43
829,0,0,22,7,150126.44,1,1,0,152107.93
514,0,1,26,1,0.0,2,0,0,121551.93
678,0,0,46,1,0.0,2,0,0,82106.19
654,2,0,32,2,0.0,1,1,1,51972.92
850,1,1,43,5,129305.09,2,0,1,19244.58
779,0,1,27,1,0.0,2,1,1,190623.02
725,0,1,26,6,98684.15,1,0,0,133720.57
752,0,0,36,1,86837.95,1,1,1,105280.55
714,2,1,27,3,0.0,3,1,1,129130.09
664,0,1,58,5,98668.18,1,1,1,60887.58
544,0,1,30,4,73218.89,1,0,1,126796.69
671,0,0,31,7,41299.03,1,0,1,102681.32
617,0,0,34,0,131244.65,2,1,0,183229.02
543,0,1,42,4,89838.71,3,1,0,85983.54
692,2,1,28,9,118945.09,1,0,0,16064.25
587,0,0,46,6,88820.29,1,0,0,70224.34
655,1,0,61,2,183997.7,2,1,1,161217.18
625,0,1,45,7,137555.44,1,0,0,124607.7
771,0,1,50,3,105229.72,1,1,1,16281.68
425,1,1,40,9,166776.6,2,0,1,172646.88
774,0,1,53,4,113709.28,1,1,1,153887.93
655,0,0,47,10,0.0,2,1,0,167778.62
636,1,1,67,7,136709.35,1,0,1,66753.1
850,1,1,42,6,84445.68,3,0,1,60021.34
564,0,1,26,7,84006.88,2,0,0,183490.99
850,0,0,34,2,0.0,2,0,0,51919.04
604,1,1,36,10,113546.3,1,1,1,134875.37
562,1,1,31,4,127237.25,2,0,1,143317.42
587,1,0,37,6,104414.03,1,1,0,192026.02
644,0,0,40,9,137285.26,4,1,0,77063.63
471,1,0,36,5,90063.74,2,1,1,96366.7
592,2,0,40,2,200322.45,1,1,1,113244.73
802,1,1,31,1,125013.72,1,1,1,187658.09
733,0,1,42,9,150507.21,1,0,1,169964.12
669,0,1,45,7,149364.58,1,0,1,173454.07
634,2,0,35,10,0.0,1,1,0,82634.41
702,0,1,40,3,148556.74,1,0,1,146056.29
721,0,0,35,6,118273.83,1,0,1,3086.89
720,2,0,59,6,0.0,2,1,1,160849.43
739,0,1,37,7,104960.46,1,0,1,80883.82
526,1,1,34,3,122726.56,1,1,1,46772.36
612,0,0,38,7,110615.47,1,1,1,193502.93
545,1,0,44,2,127536.44,1,1,0,108398.63
805,2,1,26,2,0.0,2,1,1,25042.1
677,2,1,40,5,0.0,2,1,0,88947.56
725,0,0,33,4,0.0,1,1,1,67879.8
670,1,1,31,1,142631.54,2,1,1,175894.24
514,0,1,32,8,0.0,2,1,0,95857.18
710,0,1,54,6,171137.62,1,1,1,167023.95
627,0,1,32,10,0.0,2,1,0,103287.62
824,0,1,30,0,133634.02,1,1,1,162053.92
623,0,1,48,5,118469.38,1,1,1,158590.25
613,2,1,39,8,118201.41,1,1,0,23315.59
736,0,1,43,4,202443.47,1,1,0,72375.03
666,0,0,33,2,147229.65,1,1,1,56410.17
678,1,1,32,4,139626.01,1,1,1,118235.52
554,0,1,24,10,0.0,1,0,0,92180.62
744,2,0,30,1,124037.28,1,1,1,142210.94
747,0,0,21,4,81025.6,2,1,0,167682.57
685,2,1,39,9,0.0,2,1,1,18826.06
624,2,1,35,2,0.0,2,1,0,87310.59
628,1,1,33,8,152143.89,1,1,1,32174.03
487,2,0,36,1,140137.15,1,1,0,194073.33
684,1,0,56,3,127585.98,3,1,1,80593.49
587,1,0,49,7,155393.98,2,1,0,13308.2
704,2,0,24,2,0.0,1,1,0,35600.25
613,1,0,20,0,117356.19,1,0,0,113557.7
525,0,0,59,6,55328.4,1,1,0,83342.73
572,1,0,48,3,152827.99,1,1,0,38411.79
451,0,0,31,7,140931.82,1,0,1,20388.77
711,0,0,25,5,190066.54,1,0,0,51345.39
667,0,1,44,8,122277.87,1,1,1,91810.71
747,0,1,41,5,0.0,2,1,1,22750.17
634,0,1,44,9,149961.11,1,1,0,57121.51
562,0,0,57,3,0.0,3,1,0,6554.97
585,0,0,32,8,144705.87,2,0,0,171482.56
522,1,1,32,8,124450.36,2,1,1,165786.1
735,2,1,55,2,103176.62,1,0,1,163516.16
627,2,0,30,6,0.0,1,1,1,113408.47
714,1,0,35,6,126077.43,2,1,1,53954.24
517,1,0,59,8,154110.99,2,1,0,101240.08
562,0,1,38,5,0.0,1,1,0,115700.2
565,1,0,38,7,145400.69,2,1,1,83844.79
605,0,1,32,9,0.0,2,1,1,55724.24
724,2,1,41,5,0.0,1,0,1,115753.94
681,0,1,59,4,122781.51,1,0,1,140166.95
491,1,1,26,4,102251.14,1,1,1,145900.89
667,1,0,37,5,92171.35,3,1,0,178106.34
479,1,1,35,4,138718.92,1,1,1,47251.79
608,1,1,33,1,102772.67,2,1,0,70705.58
578,2,0,28,8,161592.76,1,1,0,177834.79
646,0,1,50,0,104129.24,2,1,0,181794.86
605,1,1,75,2,61319.63,1,0,1,186655.11
615,0,1,39,4,133707.09,1,1,1,108152.75
850,2,1,39,8,0.0,2,1,1,37090.44
801,0,1,43,4,158713.08,2,0,0,98586.14
535,0,0,38,8,0.0,2,1,0,136620.64
576,1,1,28,1,119336.29,2,0,1,58976.85
594,1,1,41,2,122545.65,2,1,1,42050.24
689,2,0,28,5,95328.6,1,1,0,6129.61
771,2,1,51,5,135506.58,3,1,1,152479.64
538,1,0,42,1,98548.62,2,0,1,94047.75
738,0,0,39,1,94435.45,2,0,1,189430.86
756,0,0,23,1,112568.31,1,1,1,113408.11
769,1,1,27,7,188614.07,1,1,0,171344.09
850,1,1,36,5,119984.07,1,1,0,191535.11
474,0,1,26,6,0.0,2,0,0,152491.22
498,1,1,61,7,102453.26,1,1,0,187247.56
667,0,1,43,8,190227.46,1,1,0,97508.04
850,0,0,37,3,212778.2,1,0,1,69372.88
683,0,1,33,8,0.0,1,0,0,73564.44
645,0,1,31,7,161171.7,2,1,0,12599.94
501,1,1,24,4,130806.42,2,1,0,80241.14
850,1,1,42,8,119839.69,1,0,1,51016.02
567,0,1,36,1,0.0,2,0,0,8555.73
616,1,1,45,3,143129.41,2,0,1,64327.26
708,0,0,67,1,0.0,2,0,1,3837.08
635,2,1,41,1,0.0,2,1,0,175611.5
719,2,0,33,7,0.0,2,1,0,20016.59
596,0,1,37,2,0.0,1,0,1,121175.86
784,2,0,40,8,0.0,2,1,0,108891.3
565,0,1,32,9,0.0,2,1,0,5388.3
679,1,1,58,8,125850.53,2,1,1,87008.17
550,2,1,62,7,80927.56,1,0,1,64490.67
759,2,0,74,6,128917.84,1,1,1,48244.64
793,0,0,63,9,116270.72,1,1,1,184243.25
477,1,1,48,8,129250.0,2,1,1,157937.35
675,0,0,34,10,84944.58,1,0,0,146230.63
583,0,1,48,3,91246.53,1,1,0,60017.46
603,0,1,35,6,128993.76,2,1,0,130483.56
833,2,1,32,6,0.0,1,1,1,44323.22
728,1,1,32,5,61825.5,1,1,1,156124.93
626,0,0,35,3,0.0,1,0,0,80190.36
662,0,1,74,6,0.0,2,1,0,123583.85
850,0,1,19,8,0.0,1,1,1,68569.89
559,0,1,52,2,0.0,1,1,0,129013.59
616,0,0,31,8,0.0,1,0,1,76456.17
740,0,1,33,1,129574.98,1,1,1,123300.38
561,0,1,37,1,100443.36,2,0,1,101693.73
646,0,0,46,4,0.0,3,1,0,93251.42
